ID;ACTIVO;CREADO;CREADOPOR_USERID;MODIFICADO;MODIFICADOPOR_USERID;CLAVE_LOCALIDAD;CLAVE_ESTADO;DESCRIPCION
1;S;22.01.2022 07:53;;22.01.2022 07:53;;01;AGU;Aguascalientes
2;S;22.01.2022 07:53;;22.01.2022 07:53;;01;BCN;Ensenada
3;S;22.01.2022 07:53;;22.01.2022 07:53;;01;BCS;Ciudad Constitución
4;S;22.01.2022 07:53;;22.01.2022 07:53;;01;CAM;San Francisco de Campeche
5;S;22.01.2022 07:53;;22.01.2022 07:53;;01;COA;Ciudad Acuña
6;S;22.01.2022 07:53;;22.01.2022 07:53;;01;COL;Colima
7;S;22.01.2022 07:53;;22.01.2022 07:53;;01;CHH;Santa Rosalía de Camargo
8;S;22.01.2022 07:53;;22.01.2022 07:53;;01;CHP;Comitán de Domínguez
9;S;22.01.2022 07:53;;22.01.2022 07:53;;01;DIF;Ciudad de México
10;S;22.01.2022 07:53;;22.01.2022 07:53;;01;DUR;Victoria de Durango
11;S;22.01.2022 07:53;;22.01.2022 07:53;;01;GRO;Acapulco de Juárez
12;S;22.01.2022 07:53;;22.01.2022 07:53;;01;GUA;Acámbaro
13;S;22.01.2022 07:53;;22.01.2022 07:53;;01;HID;Actopan
14;S;22.01.2022 07:53;;22.01.2022 07:53;;01;JAL;Ameca
15;S;22.01.2022 07:53;;22.01.2022 07:53;;01;MEX;Ciudad Adolfo López Mateos
16;S;22.01.2022 07:53;;22.01.2022 07:53;;01;MIC;Apatzingán de la Constitución
17;S;22.01.2022 07:53;;22.01.2022 07:53;;01;MOR;Cuautla (Cuautla de Morelos)
18;S;22.01.2022 07:53;;22.01.2022 07:53;;01;NAY;Santiago Ixcuintla
19;S;22.01.2022 07:53;;22.01.2022 07:53;;01;NLE;Ciudad Apodaca
20;S;22.01.2022 07:53;;22.01.2022 07:53;;01;OAX;Juchitán (Juchitán de Zaragoza)
21;S;22.01.2022 07:53;;22.01.2022 07:53;;01;PUE;Atlixco
22;S;22.01.2022 07:53;;22.01.2022 07:53;;01;QUE;Querétaro
23;S;22.01.2022 07:53;;22.01.2022 07:53;;01;ROO;Cancún
24;S;22.01.2022 07:53;;22.01.2022 07:53;;01;SIN;Los Mochis
25;S;22.01.2022 07:53;;22.01.2022 07:53;;01;SLP;Ciudad Valles
26;S;22.01.2022 07:53;;22.01.2022 07:53;;01;SON;San Luis Río Colorado
27;S;22.01.2022 07:53;;22.01.2022 07:53;;01;TAB;Cárdenas
28;S;22.01.2022 07:53;;22.01.2022 07:53;;01;TAM;Altamira
29;S;22.01.2022 07:53;;22.01.2022 07:53;;01;TLA;Apizaco
30;S;22.01.2022 07:53;;22.01.2022 07:53;;01;VER;Acayucan
31;S;22.01.2022 07:53;;22.01.2022 07:53;;01;YUC;Mérida
32;S;22.01.2022 07:53;;22.01.2022 07:53;;01;ZAC;Fresnillo
33;S;22.01.2022 07:53;;22.01.2022 07:53;;02;AGU;Calvillo
34;S;22.01.2022 07:53;;22.01.2022 07:53;;02;BCN;Mexicali
35;S;22.01.2022 07:53;;22.01.2022 07:53;;02;BCS;La Paz
36;S;22.01.2022 07:53;;22.01.2022 07:53;;02;CAM;Ciudad del Carmen
37;S;22.01.2022 07:53;;22.01.2022 07:53;;02;COA;Frontera
38;S;22.01.2022 07:53;;22.01.2022 07:53;;02;COL;Manzanillo
39;S;22.01.2022 07:53;;22.01.2022 07:53;;02;CHH;Chihuahua
40;S;22.01.2022 07:53;;22.01.2022 07:53;;02;CHP;San Cristóbal de las Casas
41;S;22.01.2022 07:53;;22.01.2022 07:53;;02;DIF;Ciudad de México
42;S;22.01.2022 07:53;;22.01.2022 07:53;;02;DUR;Gómez Palacio
43;S;22.01.2022 07:53;;22.01.2022 07:53;;02;GRO;Chilpancingo de los Bravo
44;S;22.01.2022 07:53;;22.01.2022 07:53;;02;GUA;San miguel de Allende
45;S;22.01.2022 07:53;;22.01.2022 07:53;;02;HID;Apan
46;S;22.01.2022 07:53;;22.01.2022 07:53;;02;JAL;Ciudad Guzmán
47;S;22.01.2022 07:53;;22.01.2022 07:53;;02;MEX;Chimalhuacán
48;S;22.01.2022 07:53;;22.01.2022 07:53;;02;MIC;Los Reyes de Salgado
49;S;22.01.2022 07:53;;22.01.2022 07:53;;02;MOR;Cuernavaca
50;S;22.01.2022 07:53;;22.01.2022 07:53;;02;NAY;Tepic
51;S;22.01.2022 07:53;;22.01.2022 07:53;;02;NLE;San Pedro Garza García
52;S;22.01.2022 07:53;;22.01.2022 07:53;;02;OAX;Oaxaca de Juárez
53;S;22.01.2022 07:53;;22.01.2022 07:53;;02;PUE;Izúcar de Matamoros
54;S;22.01.2022 07:53;;22.01.2022 07:53;;02;QUE;San Juan del Rio
55;S;22.01.2022 07:53;;22.01.2022 07:53;;02;ROO;Cozumel
56;S;22.01.2022 07:53;;22.01.2022 07:53;;02;SIN;Culiacán Rosales
57;S;22.01.2022 07:53;;22.01.2022 07:53;;02;SLP;Ébano
58;S;22.01.2022 07:53;;22.01.2022 07:53;;02;SON;Agua Prieta
59;S;22.01.2022 07:53;;22.01.2022 07:53;;02;TAB;Villahermosa
60;S;22.01.2022 07:53;;22.01.2022 07:53;;02;TAM;Ciudad Camargo
61;S;22.01.2022 07:53;;22.01.2022 07:53;;02;TLA;Villa Vicente Guerrero
62;S;22.01.2022 07:53;;22.01.2022 07:53;;02;VER;Naranjos
63;S;22.01.2022 07:53;;22.01.2022 07:53;;02;YUC;Tizimín
64;S;22.01.2022 07:53;;22.01.2022 07:53;;02;ZAC;Jerez de García Salinas
65;S;22.01.2022 07:53;;22.01.2022 07:53;;03;AGU;San Francisco de los Romo
66;S;22.01.2022 07:53;;22.01.2022 07:53;;03;BCN;Tecate
67;S;22.01.2022 07:53;;22.01.2022 07:53;;03;BCS;Cabo San Lucas
68;S;22.01.2022 07:53;;22.01.2022 07:53;;03;CAM;Calkini
69;S;22.01.2022 07:53;;22.01.2022 07:53;;03;COA;Matamoros
70;S;22.01.2022 07:53;;22.01.2022 07:53;;03;COL;Tecoman
71;S;22.01.2022 07:53;;22.01.2022 07:53;;03;CHH;Cuauhtémoc
72;S;22.01.2022 07:53;;22.01.2022 07:53;;03;CHP;Tapachula de Córdova y Ordóñez
73;S;22.01.2022 07:53;;22.01.2022 07:53;;03;DIF;Ciudad de México
74;S;22.01.2022 07:53;;22.01.2022 07:53;;03;DUR;Ciudad Lerdo
75;S;22.01.2022 07:53;;22.01.2022 07:53;;03;GRO;Iguala de la Independencia
76;S;22.01.2022 07:53;;22.01.2022 07:53;;03;GUA;Celaya
77;S;22.01.2022 07:53;;22.01.2022 07:53;;03;HID;Pachuca de Soto
78;S;22.01.2022 07:53;;22.01.2022 07:53;;03;JAL;Guadalajara
79;S;22.01.2022 07:53;;22.01.2022 07:53;;03;MEX;Coacalco de Berriozabal
80;S;22.01.2022 07:53;;22.01.2022 07:53;;03;MIC;Ciudad Hidalgo
81;S;22.01.2022 07:53;;22.01.2022 07:53;;03;MOR;Galeana
82;S;22.01.2022 07:53;;22.01.2022 07:53;;03;NAY;Tuxpan
83;S;22.01.2022 07:53;;22.01.2022 07:53;;03;NLE;Ciudad General Escobedo
84;S;22.01.2022 07:53;;22.01.2022 07:53;;03;OAX;Salina Cruz
85;S;22.01.2022 07:53;;22.01.2022 07:53;;03;PUE;Puebla (Heroica Puebla)
86;S;22.01.2022 07:53;;22.01.2022 07:53;;03;ROO;Felipe Carrillo Puerto
87;S;22.01.2022 07:53;;22.01.2022 07:53;;03;SIN;Escuinapa de Hidalgo
88;S;22.01.2022 07:53;;22.01.2022 07:53;;03;SLP;Matehuala
89;S;22.01.2022 07:53;;22.01.2022 07:53;;03;SON;Heroica Caborca
90;S;22.01.2022 07:53;;22.01.2022 07:53;;03;TAB;Comalcalco
91;S;22.01.2022 07:53;;22.01.2022 07:53;;03;TAM;Ciudad Madero
92;S;22.01.2022 07:53;;22.01.2022 07:53;;03;TLA;Tlaxcala (Tlaxcala de Xicotencatl)
93;S;22.01.2022 07:53;;22.01.2022 07:53;;03;VER;Boca del RÍo
94;S;22.01.2022 07:53;;22.01.2022 07:53;;03;YUC;Ticul
95;S;22.01.2022 07:53;;22.01.2022 07:53;;03;ZAC;Zacatecas
96;S;22.01.2022 07:53;;22.01.2022 07:53;;04;AGU;Jesús María
97;S;22.01.2022 07:53;;22.01.2022 07:53;;04;BCN;Tijuana
98;S;22.01.2022 07:53;;22.01.2022 07:53;;04;BCS;San José del Cabo
99;S;22.01.2022 07:53;;22.01.2022 07:53;;04;CAM;Candelaria
100;S;22.01.2022 07:53;;22.01.2022 07:53;;04;COA;Monclova
101;S;22.01.2022 07:53;;22.01.2022 07:53;;04;COL;Ciudad de Villa de Álvarez
102;S;22.01.2022 07:53;;22.01.2022 07:53;;04;CHH;Delicias
103;S;22.01.2022 07:53;;22.01.2022 07:53;;04;CHP;Tuxtla Gutiérrez
104;S;22.01.2022 07:53;;22.01.2022 07:53;;04;DIF;Ciudad de México
105;S;22.01.2022 07:53;;22.01.2022 07:53;;04;DUR;Santiago Papasquiaro
106;S;22.01.2022 07:53;;22.01.2022 07:53;;04;GRO;Taxco de Alarcón
107;S;22.01.2022 07:53;;22.01.2022 07:53;;04;GUA;Cortazar
108;S;22.01.2022 07:53;;22.01.2022 07:53;;04;HID;Cd. de Fray Bernardino de Sahagún
109;S;22.01.2022 07:53;;22.01.2022 07:53;;04;JAL;Lagos de Moreno
110;S;22.01.2022 07:53;;22.01.2022 07:53;;04;MEX;Cuautitlán Izcalli
111;S;22.01.2022 07:53;;22.01.2022 07:53;;04;MIC;Jacona de Plancarte
112;S;22.01.2022 07:53;;22.01.2022 07:53;;04;MOR;Jojutla
113;S;22.01.2022 07:53;;22.01.2022 07:53;;04;NAY;Acaponeta
114;S;22.01.2022 07:53;;22.01.2022 07:53;;04;NLE;Guadalupe
115;S;22.01.2022 07:53;;22.01.2022 07:53;;04;OAX;San Juan Bautista Tuxtepec
116;S;22.01.2022 07:53;;22.01.2022 07:53;;04;PUE;San Martín Texmelucan de Labastida
117;S;22.01.2022 07:53;;22.01.2022 07:53;;04;QUE;El Pueblito
118;S;22.01.2022 07:53;;22.01.2022 07:53;;04;ROO;Chetumal
119;S;22.01.2022 07:53;;22.01.2022 07:53;;04;SIN;Guasave
120;S;22.01.2022 07:53;;22.01.2022 07:53;;04;SLP;Rioverde
121;S;22.01.2022 07:53;;22.01.2022 07:53;;04;SON;Ciudad Obregón
122;S;22.01.2022 07:53;;22.01.2022 07:53;;04;TAB;Emiliano Zapata
123;S;22.01.2022 07:53;;22.01.2022 07:53;;04;TAM;Ciudad Mante
124;S;22.01.2022 07:53;;22.01.2022 07:53;;04;TLA;Huamantla
125;S;22.01.2022 07:53;;22.01.2022 07:53;;04;VER;Coatepec
126;S;22.01.2022 07:53;;22.01.2022 07:53;;04;YUC;Motul de Carrillo Puerto
127;S;22.01.2022 07:53;;22.01.2022 07:53;;04;ZAC;Guadalupe
128;S;22.01.2022 07:53;;22.01.2022 07:53;;05;AGU;Pabellón de Arteaga
129;S;22.01.2022 07:53;;22.01.2022 07:53;;05;BCN;Playas de Rosarito
130;S;22.01.2022 07:53;;22.01.2022 07:53;;05;BCS;Loreto
131;S;22.01.2022 07:53;;22.01.2022 07:53;;05;CAM;Escárcega
132;S;22.01.2022 07:53;;22.01.2022 07:53;;05;COA;Parras de la Fuente
133;S;22.01.2022 07:53;;22.01.2022 07:53;;05;COL;Ciudad de Armería
134;S;22.01.2022 07:53;;22.01.2022 07:53;;05;CHH;Hidalgo del Parral
135;S;22.01.2022 07:53;;22.01.2022 07:53;;05;CHP;Venustiano Carranza
136;S;22.01.2022 07:53;;22.01.2022 07:53;;05;DIF;Ciudad de México
137;S;22.01.2022 07:53;;22.01.2022 07:53;;05;DUR;Canatlán
138;S;22.01.2022 07:53;;22.01.2022 07:53;;05;GRO;Arcelia
139;S;22.01.2022 07:53;;22.01.2022 07:53;;05;GUA;Guanajuato
140;S;22.01.2022 07:53;;22.01.2022 07:53;;05;HID;Tula de Allende
141;S;22.01.2022 07:53;;22.01.2022 07:53;;05;JAL;Ocotlán
142;S;22.01.2022 07:53;;22.01.2022 07:53;;05;MEX;Ecatepec de Morelos
143;S;22.01.2022 07:53;;22.01.2022 07:53;;05;MIC;La piedad de Cabadas
144;S;22.01.2022 07:53;;22.01.2022 07:53;;05;MOR;Puente de Ixtla
145;S;22.01.2022 07:53;;22.01.2022 07:53;;05;NAY;Tecuala
146;S;22.01.2022 07:53;;22.01.2022 07:53;;05;NLE;Linares
147;S;22.01.2022 07:53;;22.01.2022 07:53;;05;OAX;Matías Romero Avendaño
148;S;22.01.2022 07:53;;22.01.2022 07:53;;05;PUE;Tehuacan
149;S;22.01.2022 07:53;;22.01.2022 07:53;;05;ROO;Playa del Carmen
150;S;22.01.2022 07:53;;22.01.2022 07:53;;05;SIN;Mazatlán
151;S;22.01.2022 07:53;;22.01.2022 07:53;;05;SLP;San Luis Potosí
152;S;22.01.2022 07:53;;22.01.2022 07:53;;05;SON;Empalme
153;S;22.01.2022 07:53;;22.01.2022 07:53;;05;TAB;Jalpa de Méndez
154;S;22.01.2022 07:53;;22.01.2022 07:53;;05;TAM;Heroica Matamoros
155;S;22.01.2022 07:53;;22.01.2022 07:53;;05;TLA;Calpulalpan
156;S;22.01.2022 07:53;;22.01.2022 07:53;;05;VER;Agua dulce
157;S;22.01.2022 07:53;;22.01.2022 07:53;;05;YUC;Valladolid
158;S;22.01.2022 07:53;;22.01.2022 07:53;;05;ZAC;Río Grande
159;S;22.01.2022 07:53;;22.01.2022 07:53;;06;AGU;Rincón de Romos
160;S;22.01.2022 07:53;;22.01.2022 07:53;;06;BCN;Rodolfo Sánchez T. (Maneadero)
161;S;22.01.2022 07:53;;22.01.2022 07:53;;06;BCS;Puerto Adolfo López Mateos
162;S;22.01.2022 07:53;;22.01.2022 07:53;;06;CAM;Sabancuy
163;S;22.01.2022 07:53;;22.01.2022 07:53;;06;COA;Piedras Negras
164;S;22.01.2022 07:53;;22.01.2022 07:53;;06;CHH;Juárez
165;S;22.01.2022 07:53;;22.01.2022 07:53;;06;CHP;Jiquipilas
166;S;22.01.2022 07:53;;22.01.2022 07:53;;06;DIF;Ciudad de México
167;S;22.01.2022 07:53;;22.01.2022 07:53;;06;DUR;San Juan del Río del Centauro del Norte
168;S;22.01.2022 07:53;;22.01.2022 07:53;;06;GRO;Ayutla de los Libres
169;S;22.01.2022 07:53;;22.01.2022 07:53;;06;GUA;Irapuato
170;S;22.01.2022 07:53;;22.01.2022 07:53;;06;HID;Tulancingo
171;S;22.01.2022 07:53;;22.01.2022 07:53;;06;JAL;Puerto Vallarta
172;S;22.01.2022 07:53;;22.01.2022 07:53;;06;MEX;Huixquilucan de Degollado
173;S;22.01.2022 07:53;;22.01.2022 07:53;;06;MIC;Morelia
174;S;22.01.2022 07:53;;22.01.2022 07:53;;06;MOR;Santa Rosa Treinta
175;S;22.01.2022 07:53;;22.01.2022 07:53;;06;NAY;Compostela
176;S;22.01.2022 07:53;;22.01.2022 07:53;;06;NLE;Montemorelos
177;S;22.01.2022 07:53;;22.01.2022 07:53;;06;OAX;Heroica Ciudad de Huajuapan de León
178;S;22.01.2022 07:53;;22.01.2022 07:53;;06;PUE;Teziutlan
179;S;22.01.2022 07:53;;22.01.2022 07:53;;06;ROO;Kantunilkín
180;S;22.01.2022 07:53;;22.01.2022 07:53;;06;SIN;Guamúchil
181;S;22.01.2022 07:53;;22.01.2022 07:53;;06;SLP;Soledad de Graciano Sánchez
182;S;22.01.2022 07:53;;22.01.2022 07:53;;06;SON;Heroica Guaymas
183;S;22.01.2022 07:53;;22.01.2022 07:53;;06;TAM;Nuevo Laredo
184;S;22.01.2022 07:53;;22.01.2022 07:53;;06;TLA;Chiautempan
185;S;22.01.2022 07:53;;22.01.2022 07:53;;06;VER;Coatzacoalcos
186;S;22.01.2022 07:53;;22.01.2022 07:53;;06;YUC;Kanasín
187;S;22.01.2022 07:53;;22.01.2022 07:53;;06;ZAC;Ciudad Cuauhtémoc
188;S;22.01.2022 07:53;;22.01.2022 07:53;;07;AGU;Asientos
189;S;22.01.2022 07:53;;22.01.2022 07:53;;07;BCN;San Felipe
190;S;22.01.2022 07:53;;22.01.2022 07:53;;07;BCS;Todos Santos
191;S;22.01.2022 07:53;;22.01.2022 07:53;;07;CAM;Hopelchén
192;S;22.01.2022 07:53;;22.01.2022 07:53;;07;COA;Sabinas
193;S;22.01.2022 07:53;;22.01.2022 07:53;;07;CHH;Nuevo Casas Grandes
194;S;22.01.2022 07:53;;22.01.2022 07:53;;07;CHP;Villaflores
195;S;22.01.2022 07:53;;22.01.2022 07:53;;07;DIF;Ciudad de México
196;S;22.01.2022 07:53;;22.01.2022 07:53;;07;DUR;Peñón Blanco
197;S;22.01.2022 07:53;;22.01.2022 07:53;;07;GRO;Atoyac de Álvarez
198;S;22.01.2022 07:53;;22.01.2022 07:53;;07;GUA;León de los Aldama
199;S;22.01.2022 07:53;;22.01.2022 07:53;;07;HID;Zimapan
200;S;22.01.2022 07:53;;22.01.2022 07:53;;07;JAL;San Juan de los Lagos
201;S;22.01.2022 07:53;;22.01.2022 07:53;;07;MEX;Los Reyes Acaquilpan (La Paz)
202;S;22.01.2022 07:53;;22.01.2022 07:53;;07;MIC;Pátzcuaro
203;S;22.01.2022 07:53;;22.01.2022 07:53;;07;MOR;Zacatepec de Hidalgo
204;S;22.01.2022 07:53;;22.01.2022 07:53;;07;NAY;Francisco I. Madero (Puga)
205;S;22.01.2022 07:53;;22.01.2022 07:53;;07;NLE;Monterrey
206;S;22.01.2022 07:53;;22.01.2022 07:53;;07;OAX;Loma Bonita
207;S;22.01.2022 07:53;;22.01.2022 07:53;;07;PUE;San Andrés Cholula
208;S;22.01.2022 07:53;;22.01.2022 07:53;;07;ROO;Isla Mujeres
209;S;22.01.2022 07:53;;22.01.2022 07:53;;07;SIN;Navolato
210;S;22.01.2022 07:53;;22.01.2022 07:53;;07;SLP;Charcas
211;S;22.01.2022 07:53;;22.01.2022 07:53;;07;SON;Hermosillo
212;S;22.01.2022 07:53;;22.01.2022 07:53;;07;TAB;Macuspana
213;S;22.01.2022 07:53;;22.01.2022 07:53;;07;TAM;Reynosa
214;S;22.01.2022 07:53;;22.01.2022 07:53;;07;VER;Córdoba
215;S;22.01.2022 07:53;;22.01.2022 07:53;;07;ZAC;Ojocaliente
216;S;22.01.2022 07:53;;22.01.2022 07:53;;08;AGU;Tepezalá
217;S;22.01.2022 07:53;;22.01.2022 07:53;;08;BCS;Heroica Mulegé
218;S;22.01.2022 07:53;;22.01.2022 07:53;;08;CAM;Champotón
219;S;22.01.2022 07:53;;22.01.2022 07:53;;08;COA;Saltillo
220;S;22.01.2022 07:53;;22.01.2022 07:53;;08;CHP;Las Margaritas
221;S;22.01.2022 07:53;;22.01.2022 07:53;;08;DIF;Ciudad de México
222;S;22.01.2022 07:53;;22.01.2022 07:53;;08;DUR;Francisco I. Madero
223;S;22.01.2022 07:53;;22.01.2022 07:53;;08;GUA;Moroleón
224;S;22.01.2022 07:53;;22.01.2022 07:53;;08;HID;Huejutla de Reyes
225;S;22.01.2022 07:53;;22.01.2022 07:53;;08;JAL;Tepatitlán de Morelos
226;S;22.01.2022 07:53;;22.01.2022 07:53;;08;MEX;Metepec
227;S;22.01.2022 07:53;;22.01.2022 07:53;;08;MIC;Sahuayo de Morelos
228;S;22.01.2022 07:53;;22.01.2022 07:53;;08;MOR;Tlaquiltenango
229;S;22.01.2022 07:53;;22.01.2022 07:53;;08;NAY;Villa Hidalgo (El Nuevo)
230;S;22.01.2022 07:53;;22.01.2022 07:53;;08;NLE;Ciudad Sabinas Hidalgo
231;S;22.01.2022 07:53;;22.01.2022 07:53;;08;OAX;Puerto Escondido
232;S;22.01.2022 07:53;;22.01.2022 07:53;;08;PUE;San Pedro Cholula
233;S;22.01.2022 07:53;;22.01.2022 07:53;;08;ROO;Bacalar
234;S;22.01.2022 07:53;;22.01.2022 07:53;;08;SIN;Quila
235;S;22.01.2022 07:53;;22.01.2022 07:53;;08;SLP;Salinas de Hidalgo
236;S;22.01.2022 07:53;;22.01.2022 07:53;;08;SON;Huatabampo
237;S;22.01.2022 07:53;;22.01.2022 07:53;;08;TAB;Tenosique de Pino Suárez
238;S;22.01.2022 07:53;;22.01.2022 07:53;;08;TAM;Ciudad Río Bravo
239;S;22.01.2022 07:53;;22.01.2022 07:53;;08;VER;Tres Valles
240;S;22.01.2022 07:53;;22.01.2022 07:53;;08;ZAC;Villa Hidalgo
241;S;22.01.2022 07:53;;22.01.2022 07:53;;09;AGU;Cosío
242;S;22.01.2022 07:53;;22.01.2022 07:53;;09;BCS;Villa Alberto Andrés Alvarado Arámburo
243;S;22.01.2022 07:53;;22.01.2022 07:53;;09;CAM;Hecelchakán
244;S;22.01.2022 07:53;;22.01.2022 07:53;;09;COA;Nueva Rosita
245;S;22.01.2022 07:53;;22.01.2022 07:53;;09;CHH;Madera
246;S;22.01.2022 07:53;;22.01.2022 07:53;;09;CHP;Arriaga
247;S;22.01.2022 07:53;;22.01.2022 07:53;;09;DIF;Ciudad de México
248;S;22.01.2022 07:53;;22.01.2022 07:53;;09;DUR;Nombre de Dios
249;S;22.01.2022 07:53;;22.01.2022 07:53;;09;GRO;San Jerónimo de Juárez
250;S;22.01.2022 07:53;;22.01.2022 07:53;;09;GUA;Salamanca
251;S;22.01.2022 07:53;;22.01.2022 07:53;;09;HID;Tlaxcoapan
252;S;22.01.2022 07:53;;22.01.2022 07:53;;09;JAL;Tlaquepaque
253;S;22.01.2022 07:53;;22.01.2022 07:53;;09;MEX;Naucalpan de Juárez
254;S;22.01.2022 07:53;;22.01.2022 07:53;;09;MIC;Uruapan
255;S;22.01.2022 07:53;;22.01.2022 07:53;;09;NAY;Ruiz
256;S;22.01.2022 07:53;;22.01.2022 07:53;;09;NLE;San Nicolás de los Garza
257;S;22.01.2022 07:53;;22.01.2022 07:53;;09;OAX;Río Grande o Piedra Parada
258;S;22.01.2022 07:53;;22.01.2022 07:53;;09;PUE;Huauchinango
259;S;22.01.2022 07:53;;22.01.2022 07:53;;09;SIN;Ahome
260;S;22.01.2022 07:53;;22.01.2022 07:53;;09;SLP;Cárdenas
261;S;22.01.2022 07:53;;22.01.2022 07:53;;09;SON;Navojoa
262;S;22.01.2022 07:53;;22.01.2022 07:53;;09;TAB;Teapa
263;S;22.01.2022 07:53;;22.01.2022 07:53;;09;TAM;San Fernando
264;S;22.01.2022 07:53;;22.01.2022 07:53;;09;VER;Jáltipan de Morelos
265;S;22.01.2022 07:53;;22.01.2022 07:53;;09;ZAC;Villanueva
266;S;22.01.2022 07:53;;22.01.2022 07:53;;10;BCS;San Ignacio
267;S;22.01.2022 07:53;;22.01.2022 07:53;;10;COA;San Pedro
268;S;22.01.2022 07:53;;22.01.2022 07:53;;10;CHH;Colonia Anáhuac
269;S;22.01.2022 07:53;;22.01.2022 07:53;;10;CHP;Palenque
270;S;22.01.2022 07:53;;22.01.2022 07:53;;10;DIF;Ciudad de México
271;S;22.01.2022 07:53;;22.01.2022 07:53;;10;DUR;Vicente Guerrero
272;S;22.01.2022 07:53;;22.01.2022 07:53;;10;GRO;Ciudad Apaxtla de Castrejón
273;S;22.01.2022 07:53;;22.01.2022 07:53;;10;GUA;San Francisco del Rincón
274;S;22.01.2022 07:53;;22.01.2022 07:53;;10;HID;Tizayuca
275;S;22.01.2022 07:53;;22.01.2022 07:53;;10;JAL;Zapopan
276;S;22.01.2022 07:53;;22.01.2022 07:53;;10;MEX;Ciudad Nezahualcoyotl
277;S;22.01.2022 07:53;;22.01.2022 07:53;;10;MIC;Zacapu
278;S;22.01.2022 07:53;;22.01.2022 07:53;;10;NAY;San Blas
279;S;22.01.2022 07:53;;22.01.2022 07:53;;10;NLE;Ciudad Santa Catarina
280;S;22.01.2022 07:53;;22.01.2022 07:53;;10;PUE;Acatlán de Osorio
281;S;22.01.2022 07:53;;22.01.2022 07:53;;10;SIN;Higuera de Zaragoza
282;S;22.01.2022 07:53;;22.01.2022 07:53;;10;SLP;Cerritos
283;S;22.01.2022 07:53;;22.01.2022 07:53;;10;SON;Heroica Nogales
284;S;22.01.2022 07:53;;22.01.2022 07:53;;10;TAB;Paraíso
285;S;22.01.2022 07:53;;22.01.2022 07:53;;10;TAM;Tampico
286;S;22.01.2022 07:53;;22.01.2022 07:53;;10;VER;Xalapa-Enríquez
287;S;22.01.2022 07:53;;22.01.2022 07:53;;10;ZAC;Villa de Cos
288;S;22.01.2022 07:53;;22.01.2022 07:53;;11;BCS;Guerrero Negro
289;S;22.01.2022 07:53;;22.01.2022 07:53;;11;CAM;Pomuch
290;S;22.01.2022 07:53;;22.01.2022 07:53;;11;COA;Torreón
291;S;22.01.2022 07:53;;22.01.2022 07:53;;11;CHH;Juan Aldama
292;S;22.01.2022 07:53;;22.01.2022 07:53;;11;CHP;Ocosingo
293;S;22.01.2022 07:53;;22.01.2022 07:53;;11;DIF;Ciudad de México
294;S;22.01.2022 07:53;;22.01.2022 07:53;;11;DUR;El Salto
295;S;22.01.2022 07:53;;22.01.2022 07:53;;11;GRO;Ciudad Altamirano
296;S;22.01.2022 07:53;;22.01.2022 07:53;;11;GUA;Silao
297;S;22.01.2022 07:53;;22.01.2022 07:53;;11;HID;Santiago Tulantepec
298;S;22.01.2022 07:53;;22.01.2022 07:53;;11;JAL;Tlajomulco de Zúñiga
299;S;22.01.2022 07:53;;22.01.2022 07:53;;11;MEX;Villa Nicolás Romero
300;S;22.01.2022 07:53;;22.01.2022 07:53;;11;MIC;Zamora de Hidalgo
301;S;22.01.2022 07:53;;22.01.2022 07:53;;11;NAY;Ixtlán del Río
302;S;22.01.2022 07:53;;22.01.2022 07:53;;11;NLE;Doctor Arroyo
303;S;22.01.2022 07:53;;22.01.2022 07:53;;11;OAX;Santiago Suchilquitongo
304;S;22.01.2022 07:53;;22.01.2022 07:53;;11;PUE;Cuautlancingo
305;S;22.01.2022 07:53;;22.01.2022 07:53;;11;SIN;Choix
306;S;22.01.2022 07:53;;22.01.2022 07:53;;11;SLP;Tamuin
307;S;22.01.2022 07:53;;22.01.2022 07:53;;11;SON;Puerto Peñasco
308;S;22.01.2022 07:53;;22.01.2022 07:53;;11;TAB;Frontera
309;S;22.01.2022 07:53;;22.01.2022 07:53;;11;TAM;Ciudad Victoria
310;S;22.01.2022 07:53;;22.01.2022 07:53;;11;VER;Minatitlán
311;S;22.01.2022 07:53;;22.01.2022 07:53;;11;ZAC;Nochistlán de Mejía
312;S;22.01.2022 07:53;;22.01.2022 07:53;;12;BCS;Santa Rosalía
313;S;22.01.2022 07:53;;22.01.2022 07:53;;12;COA;Castaños
314;S;22.01.2022 07:53;;22.01.2022 07:53;;12;CHH;José Mariano Jiménez
315;S;22.01.2022 07:53;;22.01.2022 07:53;;12;CHP;Tonalá
316;S;22.01.2022 07:53;;22.01.2022 07:53;;12;DIF;Ciudad de México
317;S;22.01.2022 07:53;;22.01.2022 07:53;;12;DUR;Santa María del Oro
318;S;22.01.2022 07:53;;22.01.2022 07:53;;12;GRO;Buenavista de Cuellar
319;S;22.01.2022 07:53;;22.01.2022 07:53;;12;GUA;Jerécuaro
320;S;22.01.2022 07:53;;22.01.2022 07:53;;12;HID;Ixmiquilpan
321;S;22.01.2022 07:53;;22.01.2022 07:53;;12;JAL;Tonalá
322;S;22.01.2022 07:53;;22.01.2022 07:53;;12;MEX;Tecamac de Felipe Villanueva
323;S;22.01.2022 07:53;;22.01.2022 07:53;;12;MIC;Heroica Zitácuaro
324;S;22.01.2022 07:53;;22.01.2022 07:53;;12;NAY;Bucerías
325;S;22.01.2022 07:53;;22.01.2022 07:53;;12;NLE;Ciénega de Flores
326;S;22.01.2022 07:53;;22.01.2022 07:53;;12;OAX;San Felipe Jalapa de Díaz
327;S;22.01.2022 07:53;;22.01.2022 07:53;;12;PUE;Tepeaca
328;S;22.01.2022 07:53;;22.01.2022 07:53;;12;SIN;Villa Unión
329;S;22.01.2022 07:53;;22.01.2022 07:53;;12;SLP;Tamasopo
330;S;22.01.2022 07:53;;22.01.2022 07:53;;12;SON;Heroica Ciudad de Cananea
331;S;22.01.2022 07:53;;22.01.2022 07:53;;12;TAB;Cunduacán
332;S;22.01.2022 07:53;;22.01.2022 07:53;;12;TAM;González
333;S;22.01.2022 07:53;;22.01.2022 07:53;;12;VER;Orizaba
334;S;22.01.2022 07:53;;22.01.2022 07:53;;12;ZAC;Víctor Rosales
335;S;22.01.2022 07:53;;22.01.2022 07:53;;13;COA;Francisco I. Madero (Chávez)
336;S;22.01.2022 07:53;;22.01.2022 07:53;;13;CHH;Manuel Ojinaga
337;S;22.01.2022 07:53;;22.01.2022 07:53;;13;CHP;Mapastepec
338;S;22.01.2022 07:53;;22.01.2022 07:53;;13;DIF;Ciudad de México
339;S;22.01.2022 07:53;;22.01.2022 07:53;;13;GRO;Cutzamala de Pinzón
340;S;22.01.2022 07:53;;22.01.2022 07:53;;13;GUA;Santiago Maravatío
341;S;22.01.2022 07:53;;22.01.2022 07:53;;13;HID;Tepeji del Rio
342;S;22.01.2022 07:53;;22.01.2022 07:53;;13;JAL;Tuxpan
343;S;22.01.2022 07:53;;22.01.2022 07:53;;13;MEX;Tepotzotlán
344;S;22.01.2022 07:53;;22.01.2022 07:53;;13;MIC;Paracho de Verduzco
345;S;22.01.2022 07:53;;22.01.2022 07:53;;13;NAY;Las Varas
346;S;22.01.2022 07:53;;22.01.2022 07:53;;13;NLE;Hualahuises
347;S;22.01.2022 07:53;;22.01.2022 07:53;;13;OAX;Bahias de Huatulco
348;S;22.01.2022 07:53;;22.01.2022 07:53;;13;PUE;Tecamachalco
349;S;22.01.2022 07:53;;22.01.2022 07:53;;13;SIN;Sinaloa de Leyva
350;S;22.01.2022 07:53;;22.01.2022 07:53;;13;SLP;Ciudad del Maíz
351;S;22.01.2022 07:53;;22.01.2022 07:53;;13;SON;Sonoita
352;S;22.01.2022 07:53;;22.01.2022 07:53;;13;TAB;Huimanguillo
353;S;22.01.2022 07:53;;22.01.2022 07:53;;13;TAM;Jaumave
354;S;22.01.2022 07:53;;22.01.2022 07:53;;13;VER;Papantla de Olarte
355;S;22.01.2022 07:53;;22.01.2022 07:53;;13;ZAC;Valparaíso
356;S;22.01.2022 07:53;;22.01.2022 07:53;;14;COA;Cuatro Ciénegas de Carranza
357;S;22.01.2022 07:53;;22.01.2022 07:53;;14;CHH;Bachíniva
358;S;22.01.2022 07:53;;22.01.2022 07:53;;14;CHP;Las Rosas
359;S;22.01.2022 07:53;;22.01.2022 07:53;;14;DIF;Ciudad de México
360;S;22.01.2022 07:53;;22.01.2022 07:53;;14;GRO;Coyuca de Catalán
361;S;22.01.2022 07:53;;22.01.2022 07:53;;14;GUA;Romita
362;S;22.01.2022 07:53;;22.01.2022 07:53;;14;HID;Cruz Azul
363;S;22.01.2022 07:53;;22.01.2022 07:53;;14;JAL;Tototlán
364;S;22.01.2022 07:53;;22.01.2022 07:53;;14;MEX;Tlalnepantla de Baz
365;S;22.01.2022 07:53;;22.01.2022 07:53;;14;MIC;Tangancícuaro de Arista
366;S;22.01.2022 07:53;;22.01.2022 07:53;;14;NAY;Xalisco
367;S;22.01.2022 07:53;;22.01.2022 07:53;;14;OAX;Putla Villa de Guerrero
368;S;22.01.2022 07:53;;22.01.2022 07:53;;14;PUE;Zacatlán
369;S;22.01.2022 07:53;;22.01.2022 07:53;;14;SIN;Mocorito
370;S;22.01.2022 07:53;;22.01.2022 07:53;;14;SLP;Cedral
371;S;22.01.2022 07:53;;22.01.2022 07:53;;14;SON;Magdalena de Kino
372;S;22.01.2022 07:53;;22.01.2022 07:53;;14;TAM;Ciudad Gustavo Díaz Ordaz
373;S;22.01.2022 07:53;;22.01.2022 07:53;;14;VER;Poza Rica de Hidalgo
374;S;22.01.2022 07:53;;22.01.2022 07:53;;14;ZAC;Luis Moya
375;S;22.01.2022 07:53;;22.01.2022 07:53;;15;COA;Nadadores
376;S;22.01.2022 07:53;;22.01.2022 07:53;;15;CHH;Saucillo
377;S;22.01.2022 07:53;;22.01.2022 07:53;;15;CHP;Chiapa de Corzo
378;S;22.01.2022 07:53;;22.01.2022 07:53;;15;DIF;Ciudad de México
379;S;22.01.2022 07:53;;22.01.2022 07:53;;15;GRO;Tierra Colorada
380;S;22.01.2022 07:53;;22.01.2022 07:53;;15;GUA;Tarandacuao
381;S;22.01.2022 07:53;;22.01.2022 07:53;;15;HID;Tepeapulco
382;S;22.01.2022 07:53;;22.01.2022 07:53;;15;JAL;San Diego de Alejandría
383;S;22.01.2022 07:53;;22.01.2022 07:53;;15;MEX;Santa Maria Tultepec
384;S;22.01.2022 07:53;;22.01.2022 07:53;;15;MIC;Maravatío de Ocampo
385;S;22.01.2022 07:53;;22.01.2022 07:53;;15;NAY;San pedro Lagunillas
386;S;22.01.2022 07:53;;22.01.2022 07:53;;15;NLE;Cadereyta Jiménez
387;S;22.01.2022 07:53;;22.01.2022 07:53;;15;OAX;Cosolapa
388;S;22.01.2022 07:53;;22.01.2022 07:53;;15;PUE;Xicotepec
389;S;22.01.2022 07:53;;22.01.2022 07:53;;15;SIN;Angostura
390;S;22.01.2022 07:53;;22.01.2022 07:53;;15;SLP;Tierra Nueva
391;S;22.01.2022 07:53;;22.01.2022 07:53;;15;TAM;Estación Manuel (Úrsulo Galván)
392;S;22.01.2022 07:53;;22.01.2022 07:53;;15;VER;San Andrés Tuxtla
393;S;22.01.2022 07:53;;22.01.2022 07:53;;15;ZAC;Moyahua de Estrada
394;S;22.01.2022 07:53;;22.01.2022 07:53;;16;COA;Ramos Arizpe
395;S;22.01.2022 07:53;;22.01.2022 07:53;;16;CHP;Cacahoatán
396;S;22.01.2022 07:53;;22.01.2022 07:53;;16;DIF;Ciudad de México
397;S;22.01.2022 07:53;;22.01.2022 07:53;;16;GRO;Coyuca de Benítez
398;S;22.01.2022 07:53;;22.01.2022 07:53;;16;GUA;Huanímaro
399;S;22.01.2022 07:53;;22.01.2022 07:53;;16;JAL;La Resolana
400;S;22.01.2022 07:53;;22.01.2022 07:53;;16;MEX;Tultitlán de Mariano Escobedo
401;S;22.01.2022 07:53;;22.01.2022 07:53;;16;MIC;Zinapécuaro de Figueroa
402;S;22.01.2022 07:53;;22.01.2022 07:53;;16;NAY;La peñita de Jaltemba
403;S;22.01.2022 07:53;;22.01.2022 07:53;;16;OAX;Tlacolula de Matamoros
404;S;22.01.2022 07:53;;22.01.2022 07:53;;16;PUE;Ciudad Serdán
405;S;22.01.2022 07:53;;22.01.2022 07:53;;16;SIN;San Blas
406;S;22.01.2022 07:53;;22.01.2022 07:53;;16;SLP;Villa de Reyes
407;S;22.01.2022 07:53;;22.01.2022 07:53;;16;TAM;Xicoténcatl
408;S;22.01.2022 07:53;;22.01.2022 07:53;;16;VER;Túxpam de Rodríguez Cano
409;S;22.01.2022 07:53;;22.01.2022 07:53;;16;ZAC;Sombrerete
410;S;22.01.2022 07:53;;22.01.2022 07:53;;17;COA;Nava
411;S;22.01.2022 07:53;;22.01.2022 07:53;;17;CHP;Ocozocoautla de Espinosa
412;S;22.01.2022 07:53;;22.01.2022 07:53;;17;GRO;Olinalá
413;S;22.01.2022 07:53;;22.01.2022 07:53;;17;GUA;Comonfort
414;S;22.01.2022 07:53;;22.01.2022 07:53;;17;JAL;Atotonilco el Alto
415;S;22.01.2022 07:53;;22.01.2022 07:53;;17;MEX;Cuautitlán
416;S;22.01.2022 07:53;;22.01.2022 07:53;;17;MIC;Puruándiro
417;S;22.01.2022 07:53;;22.01.2022 07:53;;17;NAY;Jala
418;S;22.01.2022 07:53;;22.01.2022 07:53;;17;NLE;Santiago
419;S;22.01.2022 07:53;;22.01.2022 07:53;;17;OAX;San Pablo Villa de Mitla
420;S;22.01.2022 07:53;;22.01.2022 07:53;;17;PUE;Amozoc
421;S;22.01.2022 07:53;;22.01.2022 07:53;;17;SIN;La Cruz
422;S;22.01.2022 07:53;;22.01.2022 07:53;;17;SLP;Fracción el Refugio
423;S;22.01.2022 07:53;;22.01.2022 07:53;;17;TAM;Ciudad Miguel Alemán
424;S;22.01.2022 07:53;;22.01.2022 07:53;;17;VER;Veracruz
425;S;22.01.2022 07:53;;22.01.2022 07:53;;17;ZAC;Jalpa
426;S;22.01.2022 07:53;;22.01.2022 07:53;;18;COA;Zaragoza
427;S;22.01.2022 07:53;;22.01.2022 07:53;;18;CHP;Cintalapa de Figueroa
428;S;22.01.2022 07:53;;22.01.2022 07:53;;18;GRO;Marquelia
429;S;22.01.2022 07:53;;22.01.2022 07:53;;18;GUA;Uriangato
430;S;22.01.2022 07:53;;22.01.2022 07:53;;18;JAL;Jalostotitlán
431;S;22.01.2022 07:53;;22.01.2022 07:53;;18;MEX;Ixtapaluca
432;S;22.01.2022 07:53;;22.01.2022 07:53;;18;MIC;Yurécuaro
433;S;22.01.2022 07:53;;22.01.2022 07:53;;18;NAY;Ahuacatlán
434;S;22.01.2022 07:53;;22.01.2022 07:53;;18;NLE;El cercado
435;S;22.01.2022 07:53;;22.01.2022 07:53;;18;OAX;Natividad
436;S;22.01.2022 07:53;;22.01.2022 07:53;;18;SIN;El rosario
437;S;22.01.2022 07:53;;22.01.2022 07:53;;18;SLP;Tamazunchale
438;S;22.01.2022 07:53;;22.01.2022 07:53;;18;TAM;Soto la Marina
439;S;22.01.2022 07:53;;22.01.2022 07:53;;18;VER;Tierra Blanca
440;S;22.01.2022 07:53;;22.01.2022 07:53;;18;ZAC;Loreto
441;S;22.01.2022 07:53;;22.01.2022 07:53;;19;COA;San Buenaventura
442;S;22.01.2022 07:53;;22.01.2022 07:53;;19;CHP;Pichucalco
443;S;22.01.2022 07:53;;22.01.2022 07:53;;19;GRO;Zumpango del Río
444;S;22.01.2022 07:53;;22.01.2022 07:53;;19;GUA;Pénjamo
445;S;22.01.2022 07:53;;22.01.2022 07:53;;19;JAL;Poncitlán
446;S;22.01.2022 07:53;;22.01.2022 07:53;;19;MEX;Texcoco de Mora
447;S;22.01.2022 07:53;;22.01.2022 07:53;;19;MIC;Huetamo de Núñez
448;S;22.01.2022 07:53;;22.01.2022 07:53;;19;OAX;Teotitlán de Flores Magón
449;S;22.01.2022 07:53;;22.01.2022 07:53;;19;SIN;Estación Naranjo
450;S;22.01.2022 07:53;;22.01.2022 07:53;;19;SLP;Santa María del Río
451;S;22.01.2022 07:53;;22.01.2022 07:53;;19;TAM;Ciudad Tula
452;S;22.01.2022 07:53;;22.01.2022 07:53;;19;VER;Cosamaloapan
453;S;22.01.2022 07:53;;22.01.2022 07:53;;19;ZAC;Juan Aldama
454;S;22.01.2022 07:53;;22.01.2022 07:53;;20;COA;Ciudad Melchor Múzquiz
455;S;22.01.2022 07:53;;22.01.2022 07:53;;20;CHP;Puerto Madero (San Benito)
456;S;22.01.2022 07:53;;22.01.2022 07:53;;20;GRO;San Luis de la Loma
457;S;22.01.2022 07:53;;22.01.2022 07:53;;20;GUA;Cuerámaro
458;S;22.01.2022 07:53;;22.01.2022 07:53;;20;JAL;Arandas
459;S;22.01.2022 07:53;;22.01.2022 07:53;;20;MEX;Toluca de Lerdo
460;S;22.01.2022 07:53;;22.01.2022 07:53;;20;MIC;Tacámbaro de Codallos
461;S;22.01.2022 07:53;;22.01.2022 07:53;;20;NLE;Anáhuac
462;S;22.01.2022 07:53;;22.01.2022 07:53;;20;OAX;Santa María Huatulco
463;S;22.01.2022 07:53;;22.01.2022 07:53;;20;SIN;Aguaruto
464;S;22.01.2022 07:53;;22.01.2022 07:53;;20;SLP;El Naranjo
465;S;22.01.2022 07:53;;22.01.2022 07:53;;20;TAM;Nueva Ciudad Guerrero
466;S;22.01.2022 07:53;;22.01.2022 07:53;;20;VER;Carlos A. Carrillo
467;S;22.01.2022 07:53;;22.01.2022 07:53;;21;COA;Viesca
468;S;22.01.2022 07:53;;22.01.2022 07:53;;21;CHP;Pijijiapan
469;S;22.01.2022 07:53;;22.01.2022 07:53;;21;GRO;Petatlán
470;S;22.01.2022 07:53;;22.01.2022 07:53;;21;GUA;Empalme Escobedo (Escobedo)
471;S;22.01.2022 07:53;;22.01.2022 07:53;;21;JAL;Talpa de Allende
472;S;22.01.2022 07:53;;22.01.2022 07:53;;21;MEX;Valle de Chalco Solidaridad
473;S;22.01.2022 07:53;;22.01.2022 07:53;;21;MIC;Ciudad Lázaro Cárdenas
474;S;22.01.2022 07:53;;22.01.2022 07:53;;21;NLE;García
475;S;22.01.2022 07:53;;22.01.2022 07:53;;21;OAX;San Juan Bautista Cuicatlán
476;S;22.01.2022 07:53;;22.01.2022 07:53;;21;SIN;Cosalá
477;S;22.01.2022 07:53;;22.01.2022 07:53;;21;TAM;Valle Hermoso
478;S;22.01.2022 07:53;;22.01.2022 07:53;;21;VER;Pánuco
479;S;22.01.2022 07:53;;22.01.2022 07:53;;22;COA;Morelos
480;S;22.01.2022 07:53;;22.01.2022 07:53;;22;CHP;Reforma
481;S;22.01.2022 07:53;;22.01.2022 07:53;;22;GRO;La Unión
482;S;22.01.2022 07:53;;22.01.2022 07:53;;22;GUA;San Luis de la Paz
483;S;22.01.2022 07:53;;22.01.2022 07:53;;22;JAL;Etzatlán
484;S;22.01.2022 07:53;;22.01.2022 07:53;;22;MEX;Tejupilco de Hidalgo
485;S;22.01.2022 07:53;;22.01.2022 07:53;;22;MIC;Las Guacamayas
486;S;22.01.2022 07:53;;22.01.2022 07:53;;22;NLE;Ciudad Benito Juárez
487;S;22.01.2022 07:53;;22.01.2022 07:53;;22;OAX;Villa Sola de Vega
488;S;22.01.2022 07:53;;22.01.2022 07:53;;22;SIN;San Ignacio
489;S;22.01.2022 07:53;;22.01.2022 07:53;;22;VER;Tampico Alto
490;S;22.01.2022 07:53;;22.01.2022 07:53;;23;COA;Arteaga
491;S;22.01.2022 07:53;;22.01.2022 07:53;;23;CHP;Huixtla
492;S;22.01.2022 07:53;;22.01.2022 07:53;;23;GRO;San Luis San Pedro
493;S;22.01.2022 07:53;;22.01.2022 07:53;;23;GUA;Valle de Santiago
494;S;22.01.2022 07:53;;22.01.2022 07:53;;23;JAL;Sayula
495;S;22.01.2022 07:53;;22.01.2022 07:53;;23;MEX;Chalco de Díaz Covarrubias
496;S;22.01.2022 07:53;;22.01.2022 07:53;;23;MIC;Jiquilpan de Juárez
497;S;22.01.2022 07:53;;22.01.2022 07:53;;23;OAX;Ocotlán de Morelos
498;S;22.01.2022 07:53;;22.01.2022 07:53;;23;SIN;Topolobampo
499;S;22.01.2022 07:53;;22.01.2022 07:53;;23;VER;Tempoal de Sánchez
500;S;22.01.2022 07:53;;22.01.2022 07:53;;24;COA;Allende
501;S;22.01.2022 07:53;;22.01.2022 07:53;;24;CHP;Motozintla de Mendoza
502;S;22.01.2022 07:53;;22.01.2022 07:53;;24;GRO;Teloloapan
503;S;22.01.2022 07:53;;22.01.2022 07:53;;24;GUA;Abasolo
504;S;22.01.2022 07:53;;22.01.2022 07:53;;24;JAL;Ahualulco de Mercado
505;S;22.01.2022 07:53;;22.01.2022 07:53;;24;MEX;Amatepec
506;S;22.01.2022 07:53;;22.01.2022 07:53;;24;MIC;Tuxpan
507;S;22.01.2022 07:53;;22.01.2022 07:53;;24;OAX;Villa de Zaachila
508;S;22.01.2022 07:53;;22.01.2022 07:53;;24;SIN;Lic. Benito Juárez (Campo Gobierno)
509;S;22.01.2022 07:53;;22.01.2022 07:53;;24;VER;Tantoyuca
510;S;22.01.2022 07:53;;22.01.2022 07:53;;25;CHP;Acala
511;S;22.01.2022 07:53;;22.01.2022 07:53;;25;GRO;Técpan de Galeana
512;S;22.01.2022 07:53;;22.01.2022 07:53;;25;GUA;Rincón de Tamayo
513;S;22.01.2022 07:53;;22.01.2022 07:53;;25;JAL;Autlán de Navarro
514;S;22.01.2022 07:53;;22.01.2022 07:53;;25;MIC;Cotija de la Paz
515;S;22.01.2022 07:53;;22.01.2022 07:53;;25;OAX;Miahuatlán de Porfirio Díaz
516;S;22.01.2022 07:53;;22.01.2022 07:53;;25;VER;Gutiérrez Zamora
517;S;22.01.2022 07:53;;22.01.2022 07:53;;26;GRO;Huitzuco
518;S;22.01.2022 07:53;;22.01.2022 07:53;;26;GUA;Villagrán
519;S;22.01.2022 07:53;;22.01.2022 07:53;;26;JAL;Magdalena
520;S;22.01.2022 07:53;;22.01.2022 07:53;;26;MEX;Melchor Ocampo
521;S;22.01.2022 07:53;;22.01.2022 07:53;;26;MIC;Nueva Italia de Ruiz
522;S;22.01.2022 07:53;;22.01.2022 07:53;;26;OAX;Unión Hidalgo
523;S;22.01.2022 07:53;;22.01.2022 07:53;;26;VER;Platón Sánchez
524;S;22.01.2022 07:53;;22.01.2022 07:53;;27;GRO;Tixtla de Guerrero
525;S;22.01.2022 07:53;;22.01.2022 07:53;;27;GUA;Yuriria
526;S;22.01.2022 07:53;;22.01.2022 07:53;;27;JAL;San Julián
527;S;22.01.2022 07:53;;22.01.2022 07:53;;27;MEX;San Vicente Chicoloapan de Juárez
528;S;22.01.2022 07:53;;22.01.2022 07:53;;27;MIC;Cuitzeo del Porvenir
529;S;22.01.2022 07:53;;22.01.2022 07:53;;27;OAX;El Camarón
530;S;22.01.2022 07:53;;22.01.2022 07:53;;27;VER;Juan Rodríguez Clara
531;S;22.01.2022 07:53;;22.01.2022 07:53;;28;GRO;Tepecoacuilco de Trujano
532;S;22.01.2022 07:53;;22.01.2022 07:53;;28;GUA;Apaseo el Grande
533;S;22.01.2022 07:53;;22.01.2022 07:53;;28;JAL;Cocula
534;S;22.01.2022 07:53;;22.01.2022 07:53;;28;MEX;Capulhuac
535;S;22.01.2022 07:53;;22.01.2022 07:53;;28;OAX;San Pedro Mixtepec -Dto. 22-
536;S;22.01.2022 07:53;;22.01.2022 07:53;;28;VER;Huatusco de Chicuellar
537;S;22.01.2022 07:53;;22.01.2022 07:53;;29;GRO;San Marcos
538;S;22.01.2022 07:53;;22.01.2022 07:53;;29;GUA;Purísima de Bustos
539;S;22.01.2022 07:53;;22.01.2022 07:53;;29;JAL;El Grullo
540;S;22.01.2022 07:53;;22.01.2022 07:53;;29;MEX;Juchitepec de Mariano Riva Palacio
541;S;22.01.2022 07:53;;22.01.2022 07:53;;29;OAX;Santa Cruz Itundujia
542;S;22.01.2022 07:53;;22.01.2022 07:53;;29;VER;Ixtaczoquitlán
543;S;22.01.2022 07:53;;22.01.2022 07:53;;30;GRO;Azoyú
544;S;22.01.2022 07:53;;22.01.2022 07:53;;30;GUA;Salvatierra
545;S;22.01.2022 07:53;;22.01.2022 07:53;;30;JAL;San Miguel el Alto
546;S;22.01.2022 07:53;;22.01.2022 07:53;;30;MEX;Tequixquiac
547;S;22.01.2022 07:53;;22.01.2022 07:53;;30;OAX;Chahuites
548;S;22.01.2022 07:53;;22.01.2022 07:53;;30;VER;Río Blanco
549;S;22.01.2022 07:53;;22.01.2022 07:53;;31;GRO;Tlapehuala
550;S;22.01.2022 07:53;;22.01.2022 07:53;;31;GUA;Marfil
551;S;22.01.2022 07:53;;22.01.2022 07:53;;31;JAL;Tala
552;S;22.01.2022 07:53;;22.01.2022 07:53;;31;MEX;Xonacatlán
553;S;22.01.2022 07:53;;22.01.2022 07:53;;31;OAX;Heroica Ciudad de Ejutla de Crespo
554;S;22.01.2022 07:53;;22.01.2022 07:53;;31;VER;Isla
555;S;22.01.2022 07:53;;22.01.2022 07:53;;32;GRO;San Luis Acatlán
556;S;22.01.2022 07:53;;22.01.2022 07:53;;32;GUA;San José Iturbide
557;S;22.01.2022 07:53;;22.01.2022 07:53;;32;JAL;La Barca
558;S;22.01.2022 07:53;;22.01.2022 07:53;;32;MEX;San Mateo Atenco
559;S;22.01.2022 07:53;;22.01.2022 07:53;;32;OAX;San Pedro Tapanatepec
560;S;22.01.2022 07:53;;22.01.2022 07:53;;32;VER;Cuitláhuac
561;S;22.01.2022 07:53;;22.01.2022 07:53;;33;GRO;Chilapa de Álvarez
562;S;22.01.2022 07:53;;22.01.2022 07:53;;33;GUA;Apaseo el Alto
563;S;22.01.2022 07:53;;22.01.2022 07:53;;33;JAL;Jamay
564;S;22.01.2022 07:53;;22.01.2022 07:53;;33;OAX;Vicente Camalote
565;S;22.01.2022 07:53;;22.01.2022 07:53;;33;VER;Fortín de las Flores
566;S;22.01.2022 07:53;;22.01.2022 07:53;;34;GRO;Tlapa de Comonfort
567;S;22.01.2022 07:53;;22.01.2022 07:53;;34;GUA;Ciudad Manuel Doblado
568;S;22.01.2022 07:53;;22.01.2022 07:53;;34;JAL;Yahualica de González Gallo
569;S;22.01.2022 07:53;;22.01.2022 07:53;;34;OAX;Villa de Tamazulápam del Progreso
570;S;22.01.2022 07:53;;22.01.2022 07:53;;34;VER;Alvarado
571;S;22.01.2022 07:53;;22.01.2022 07:53;;35;GRO;Tlalixtaquilla
572;S;22.01.2022 07:53;;22.01.2022 07:53;;35;GUA;Jaral del Progreso
573;S;22.01.2022 07:53;;22.01.2022 07:53;;35;JAL;Colotlán
574;S;22.01.2022 07:53;;22.01.2022 07:53;;35;OAX;San Juan Bautista lo de Soto
575;S;22.01.2022 07:53;;22.01.2022 07:53;;35;VER;José Cardel
576;S;22.01.2022 07:53;;22.01.2022 07:53;;36;GRO;Cuajinicuilapa
577;S;22.01.2022 07:53;;22.01.2022 07:53;;36;GUA;San Diego de la Unión
578;S;22.01.2022 07:53;;22.01.2022 07:53;;36;JAL;Cihuatlán
579;S;22.01.2022 07:53;;22.01.2022 07:53;;36;MEX;Chiconcuac
580;S;22.01.2022 07:53;;22.01.2022 07:53;;36;OAX;San Juan Cacahuatepec
581;S;22.01.2022 07:53;;22.01.2022 07:53;;36;VER;Banderilla
582;S;22.01.2022 07:53;;22.01.2022 07:53;;37;GRO;Huamuxtitlan
583;S;22.01.2022 07:53;;22.01.2022 07:53;;37;GUA;Santa Cruz Juventino Rosas
584;S;22.01.2022 07:53;;22.01.2022 07:53;;37;JAL;Zapotiltic
585;S;22.01.2022 07:53;;22.01.2022 07:53;;37;OAX;San Pedro Totolapa
586;S;22.01.2022 07:53;;22.01.2022 07:53;;37;VER;Paraje Nuevo
587;S;22.01.2022 07:53;;22.01.2022 07:53;;38;GRO;Cruz Grande
588;S;22.01.2022 07:53;;22.01.2022 07:53;;38;GUA;Doctor Mora
589;S;22.01.2022 07:53;;22.01.2022 07:53;;38;JAL;Villa Corona
590;S;22.01.2022 07:53;;22.01.2022 07:53;;38;OAX;San Miguel el Grande
591;S;22.01.2022 07:53;;22.01.2022 07:53;;38;VER;Playa Vicente
592;S;22.01.2022 07:53;;22.01.2022 07:53;;39;GRO;Ocotito
593;S;22.01.2022 07:53;;22.01.2022 07:53;;39;GUA;Dolores Hgo. Cuna de la Indep. Nal.
594;S;22.01.2022 07:53;;22.01.2022 07:53;;39;JAL;Teocaltiche
595;S;22.01.2022 07:53;;22.01.2022 07:53;;39;MEX;Almoloya de Juárez
596;S;22.01.2022 07:53;;22.01.2022 07:53;;39;OAX;Zimatlán de Álvarez
597;S;22.01.2022 07:53;;22.01.2022 07:53;;39;VER;Altotonga
598;S;22.01.2022 07:53;;22.01.2022 07:53;;40;GRO;Copala
599;S;22.01.2022 07:53;;22.01.2022 07:53;;40;MEX;Ocoyoacac
600;S;22.01.2022 07:53;;22.01.2022 07:53;;40;OAX;San Pablo Huitzo
601;S;22.01.2022 07:53;;22.01.2022 07:53;;40;VER;Juan Díaz Covarrubias
602;S;22.01.2022 07:53;;22.01.2022 07:53;;41;GRO;Zihuatanejo
603;S;22.01.2022 07:53;;22.01.2022 07:53;;41;JAL;Tequila
604;S;22.01.2022 07:53;;22.01.2022 07:53;;41;MEX;Zumpango
605;S;22.01.2022 07:53;;22.01.2022 07:53;;41;OAX;San Francisco Telixtlahuaca
606;S;22.01.2022 07:53;;22.01.2022 07:53;;41;VER;Cuichapa
607;S;22.01.2022 07:53;;22.01.2022 07:53;;42;JAL;El Quince (San José el Quince)
608;S;22.01.2022 07:53;;22.01.2022 07:53;;42;OAX;Mariscala de Juárez
609;S;22.01.2022 07:53;;22.01.2022 07:53;;42;VER;Santiago Tuxtla
610;S;22.01.2022 07:53;;22.01.2022 07:53;;43;JAL;San José el Verde (El Verde)
611;S;22.01.2022 07:53;;22.01.2022 07:53;;43;OAX;Santiago Pinotepa Nacional
612;S;22.01.2022 07:53;;22.01.2022 07:53;;43;VER;Huayacocotla
613;S;22.01.2022 07:53;;22.01.2022 07:53;;44;JAL;Jocotepec
614;S;22.01.2022 07:53;;22.01.2022 07:53;;44;OAX;Santiago Jamiltepec
615;S;22.01.2022 07:53;;22.01.2022 07:53;;44;VER;Paso de Ovejas
616;S;22.01.2022 07:53;;22.01.2022 07:53;;45;JAL;Tecalitlán
617;S;22.01.2022 07:53;;22.01.2022 07:53;;45;OAX;San Pedro Pochutla
618;S;22.01.2022 07:53;;22.01.2022 07:53;;45;VER;Catemaco
619;S;22.01.2022 07:53;;22.01.2022 07:53;;46;JAL;Chapala
620;S;22.01.2022 07:53;;22.01.2022 07:53;;46;OAX;Heroica Ciudad de Tlaxiaco
621;S;22.01.2022 07:53;;22.01.2022 07:53;;46;VER;Nogales
622;S;22.01.2022 07:53;;22.01.2022 07:53;;47;JAL;Ajijic
623;S;22.01.2022 07:53;;22.01.2022 07:53;;47;OAX;San Juan Bautista Valle Nacional
624;S;22.01.2022 07:53;;22.01.2022 07:53;;47;VER;Las Choapas
625;S;22.01.2022 07:53;;22.01.2022 07:53;;48;JAL;San Ignacio Cerro Gordo
626;S;22.01.2022 07:53;;22.01.2022 07:53;;48;OAX;Lagunas
627;S;22.01.2022 07:53;;22.01.2022 07:53;;48;VER;General Miguel Alemán (Potrero Nuevo)
628;S;22.01.2022 07:53;;22.01.2022 07:53;;49;JAL;Zacoalco de Torres
629;S;22.01.2022 07:53;;22.01.2022 07:53;;49;OAX;Ciudad Ixtepec
630;S;22.01.2022 07:53;;22.01.2022 07:53;;49;VER;Coatzintla
631;S;22.01.2022 07:53;;22.01.2022 07:53;;50;JAL;Huejuquilla el Alto
632;S;22.01.2022 07:53;;22.01.2022 07:53;;50;OAX;Santiago Juxtlahuaca
633;S;22.01.2022 07:53;;22.01.2022 07:53;;50;VER;Ángel R. Cabada
634;S;22.01.2022 07:53;;22.01.2022 07:53;;51;JAL;Villa Hidalgo
635;S;22.01.2022 07:53;;22.01.2022 07:53;;51;OAX;San Sebastián Tecomaxtlahuaca
636;S;22.01.2022 07:53;;22.01.2022 07:53;;51;VER;San Rafael
637;S;22.01.2022 07:53;;22.01.2022 07:53;;52;JAL;Unión de San Antonio
638;S;22.01.2022 07:53;;22.01.2022 07:53;;52;OAX;Asunción Nochixtlán
639;S;22.01.2022 07:53;;22.01.2022 07:53;;52;VER;Tlacojalpan
640;S;22.01.2022 07:53;;22.01.2022 07:53;;53;JAL;Las Pintitas
641;S;22.01.2022 07:53;;22.01.2022 07:53;;53;OAX;San Francisco Ixhuatán
642;S;22.01.2022 07:53;;22.01.2022 07:53;;53;VER;Cosoleacaque
643;S;22.01.2022 07:53;;22.01.2022 07:53;;54;JAL;Tamazula de Gordiano
644;S;22.01.2022 07:53;;22.01.2022 07:53;;54;OAX;San Blas Atempa
645;S;22.01.2022 07:53;;22.01.2022 07:53;;54;VER;Lerdo de Tejada
646;S;22.01.2022 07:53;;22.01.2022 07:53;;55;JAL;Acatlán de Juárez
647;S;22.01.2022 07:53;;22.01.2022 07:53;;55;OAX;Santo Domingo Tehuantepec
648;S;22.01.2022 07:53;;22.01.2022 07:53;;55;VER;Tihuatlán
649;S;22.01.2022 07:53;;22.01.2022 07:53;;56;JAL;Valle de Guadalupe
650;S;22.01.2022 07:53;;22.01.2022 07:53;;56;OAX;Cuilápam de Guerrero
651;S;22.01.2022 07:53;;22.01.2022 07:53;;56;VER;Atoyac
652;S;22.01.2022 07:53;;22.01.2022 07:53;;57;OAX;El Rosario
653;S;22.01.2022 07:53;;22.01.2022 07:53;;57;VER;Huiloapan de Cuauhtémoc
654;S;22.01.2022 07:53;;22.01.2022 07:53;;58;OAX;Santa Lucia del Camino
655;S;22.01.2022 07:53;;22.01.2022 07:53;;58;VER;Cazones de Herrera
656;S;22.01.2022 07:53;;22.01.2022 07:53;;59;OAX;San Antonio de la Cal
657;S;22.01.2022 07:53;;22.01.2022 07:53;;59;VER;Yecuatla
658;S;22.01.2022 07:53;;22.01.2022 07:53;;60;VER;Soledad de Doblado
659;S;22.01.2022 07:53;;22.01.2022 07:53;;61;VER;Cerro Azul
660;S;22.01.2022 07:53;;22.01.2022 07:53;;62;VER;Tezonapa
661;S;22.01.2022 07:53;;22.01.2022 07:53;;66;VER;Sihuapan
662;S;22.01.2022 07:53;;22.01.2022 07:53;;67;VER;El Higo
663;S;22.01.2022 07:53;;22.01.2022 07:53;;68;VER;Paso del Macho
664;S;22.01.2022 07:53;;22.01.2022 07:53;;69;VER;Tlapacoyan
