id;sat_clave;sat_fechainicio;sat_fechafin
1;0;1/1/2000;null
2;74;7/3/2001;null
3;101;5/21/2001;null
4;115;5/17/2001;null
5;122;5/14/2001;null
6;123;5/16/2001;null
7;149;5/21/2001;null
8;150;5/22/2001;null
9;182;5/21/2001;null
10;188;5/23/2001;null
11;203;5/18/2001;null
12;205;5/21/2001;null
13;227;5/17/2001;null
14;246;5/21/2001;null
15;247;5/23/2001;null
16;271;7/31/2001;null
17;273;5/11/2001;null
18;276;6/21/2001;null
19;289;5/17/2001;null
20;294;5/21/2001;null
21;309;5/21/2001;null
22;310;5/23/2001;null
23;312;5/14/2001;null
24;316;5/21/2001;null
25;318;7/31/2001;null
26;321;5/18/2001;null
27;323;5/18/2001;null
28;327;5/21/2001;null
29;328;5/18/2001;null
30;334;5/14/2001;null
31;339;5/15/2001;null
32;347;5/21/2001;null
33;348;5/15/2001;null
34;350;5/17/2001;null
35;361;6/12/2001;null
36;368;5/15/2001;null
37;381;5/16/2001;null
38;382;5/17/2001;null
39;387;5/22/2001;null
40;388;5/17/2001;null
41;389;5/21/2001;null
42;390;8/1/2001;null
43;394;5/18/2001;null
44;398;6/15/2001;null
45;400;5/22/2001;null
46;401;6/12/2001;null
47;403;5/16/2001;null
48;404;5/22/2001;null
49;406;5/21/2001;null
50;407;5/18/2001;null
51;411;7/31/2001;null
52;412;5/8/2001;null
53;413;5/15/2001;null
54;414;5/21/2001;null
55;418;5/18/2001;null
56;419;5/17/2001;null
57;420;5/16/2001;null
58;424;5/21/2001;null
59;425;5/16/2001;null
60;426;5/21/2001;null
61;427;5/16/2001;null
62;428;6/8/2001;null
63;429;5/18/2001;null
64;430;5/22/2001;null
65;432;6/18/2001;null
66;438;5/15/2001;null
67;440;5/18/2001;null
68;441;10/19/2001;null
69;442;5/22/2001;null
70;444;5/18/2001;null
71;445;5/18/2001;null
72;447;5/23/2001;null
73;449;5/21/2001;null
74;451;5/11/2001;null
75;454;6/29/2001;null
76;457;5/21/2001;null
77;460;5/21/2001;null
78;462;5/15/2001;null
79;464;5/21/2001;null
80;465;5/17/2001;null
81;467;5/15/2001;null
82;469;5/21/2001;null
83;472;5/16/2001;null
84;474;7/1/2002;null
85;476;5/22/2001;null
86;477;5/18/2001;null
87;478;5/22/2001;null
88;480;5/14/2001;null
89;481;5/21/2001;null
90;482;5/15/2001;null
91;483;5/15/2001;null
92;485;5/18/2001;null
93;486;5/18/2001;null
94;487;5/22/2001;null
95;489;5/18/2001;null
96;491;5/18/2001;null
97;492;5/14/2001;null
98;493;5/21/2001;null
99;494;8/23/2001;null
100;496;5/18/2001;null
101;498;5/23/2001;null
102;499;5/15/2001;null
103;500;5/14/2001;null
104;501;5/16/2001;null
105;503;5/15/2001;null
106;504;5/11/2001;null
107;506;5/14/2001;null
108;508;5/21/2001;null
109;509;5/23/2001;null
110;510;5/18/2001;null
111;512;5/18/2001;null
112;513;5/17/2001;null
113;519;6/12/2001;null
114;520;5/21/2001;null
115;521;5/17/2001;null
116;522;5/15/2001;null
117;523;5/17/2001;null
118;524;5/23/2001;null
119;525;5/14/2001;null
120;526;5/17/2001;null
121;527;5/18/2001;null
122;528;5/17/2001;null
123;529;6/18/2001;null
124;531;5/21/2001;null
125;532;5/15/2001;null
126;534;5/14/2001;null
127;535;8/1/2001;null
128;537;5/17/2001;null
129;538;5/21/2001;null
130;539;5/18/2001;null
131;540;5/21/2001;null
132;544;5/22/2001;null
133;546;5/21/2001;null
134;547;6/21/2001;null
135;548;5/18/2001;null
136;549;5/15/2001;null
137;551;5/16/2001;null
138;552;5/18/2001;null
139;553;5/17/2001;null
140;554;5/22/2001;null
141;555;9/3/2001;null
142;556;5/17/2001;null
143;557;5/16/2001;null
144;558;5/23/2001;null
145;559;5/17/2001;null
146;562;5/21/2001;null
147;563;5/21/2001;null
148;565;5/23/2001;null
149;566;5/21/2001;null
150;569;5/22/2001;null
151;570;8/1/2001;null
152;571;5/14/2001;null
153;572;5/22/2001;null
154;573;6/15/2001;null
155;574;5/21/2001;null
156;575;5/23/2001;null
157;576;5/16/2001;null
158;578;5/14/2001;null
159;579;5/17/2001;null
160;580;5/18/2001;null
161;581;5/14/2001;null
162;582;5/15/2001;null
163;584;5/14/2001;null
164;586;5/21/2001;null
165;587;5/16/2001;null
166;588;5/21/2001;null
167;589;5/18/2001;null
168;590;5/14/2001;null
169;592;5/14/2001;null
170;595;6/12/2001;null
171;596;5/18/2001;null
172;597;5/21/2001;null
173;598;5/18/2001;null
174;599;5/21/2001;null
175;600;5/14/2001;null
176;601;5/16/2001;null
177;604;5/15/2001;null
178;606;6/8/2001;null
179;607;5/21/2001;null
180;608;5/15/2001;null
181;609;5/18/2001;null
182;610;5/16/2001;null
183;611;5/14/2001;null
184;613;5/14/2001;null
185;614;5/16/2001;null
186;615;5/18/2001;null
187;617;6/29/2001;null
188;619;5/17/2001;null
189;620;5/15/2001;null
190;622;6/12/2001;null
191;624;5/15/2001;null
192;625;5/18/2001;null
193;626;4/9/2003;null
194;627;5/17/2001;null
195;628;5/21/2001;null
196;629;6/8/2001;null
197;630;5/14/2001;null
198;631;5/11/2001;null
199;632;5/22/2001;null
200;633;5/18/2001;null
201;634;5/21/2001;null
202;636;10/28/2002;null
203;637;5/18/2001;null
204;638;5/16/2001;null
205;639;5/23/2001;null
206;640;5/21/2001;null
207;641;5/16/2001;null
208;643;5/18/2001;null
209;644;6/21/2001;null
210;645;5/22/2001;null
211;646;5/18/2001;null
212;647;6/15/2001;null
213;648;5/18/2001;null
214;649;5/17/2001;null
215;651;5/17/2001;null
216;652;5/16/2001;null
217;653;5/21/2001;null
218;654;5/21/2001;null
219;655;5/11/2001;null
220;656;5/11/2001;null
221;657;5/18/2001;null
222;659;5/16/2001;null
223;661;5/14/2001;null
224;662;5/17/2001;null
225;663;5/23/2001;null
226;664;5/18/2001;null
227;665;5/14/2001;null
228;666;5/17/2001;null
229;667;5/11/2001;null
230;668;5/17/2001;null
231;669;5/21/2001;null
232;670;5/21/2001;null
233;671;5/18/2001;null
234;672;5/16/2001;null
235;673;5/14/2001;null
236;674;5/17/2001;null
237;675;5/11/2001;null
238;676;5/15/2001;null
239;677;5/21/2001;null
240;678;5/11/2001;null
241;679;5/21/2001;null
242;680;5/14/2001;null
243;681;5/22/2001;null
244;682;5/21/2001;null
245;683;5/16/2001;null
246;684;5/21/2001;null
247;685;5/16/2001;null
248;686;5/17/2001;null
249;687;5/18/2001;null
250;688;6/28/2002;null
251;689;5/17/2001;null
252;690;5/21/2001;null
253;691;5/18/2001;null
254;692;5/21/2001;null
255;693;5/16/2001;null
256;695;5/17/2001;null
257;696;5/17/2001;null
258;697;5/18/2001;null
259;699;5/15/2001;null
260;700;5/14/2001;null
261;701;5/14/2001;null
262;702;5/21/2001;null
263;705;5/21/2001;null
264;706;5/21/2001;null
265;707;5/17/2001;null
266;708;5/16/2001;null
267;709;5/18/2001;null
268;710;5/18/2001;null
269;711;5/14/2001;null
270;712;5/21/2001;null
271;713;5/21/2001;null
272;714;5/8/2001;null
273;715;5/15/2001;null
274;716;5/18/2001;null
275;717;5/22/2001;null
276;718;5/15/2001;null
277;719;5/21/2001;null
278;720;5/21/2001;null
279;721;5/23/2001;null
280;722;5/16/2001;null
281;723;5/15/2001;null
282;724;5/21/2001;null
283;725;5/15/2001;null
284;726;6/14/2001;null
285;727;5/21/2001;null
286;728;5/21/2001;null
287;729;5/23/2001;null
288;731;5/15/2001;null
289;732;5/21/2001;null
290;733;5/22/2001;null
291;734;5/21/2001;null
292;735;5/21/2001;null
293;736;5/18/2001;null
294;737;5/11/2001;null
295;738;5/23/2001;null
296;739;5/11/2001;null
297;740;5/21/2001;null
298;741;5/16/2001;null
299;742;5/18/2001;null
300;743;5/18/2001;null
301;744;5/22/2001;null
302;745;5/18/2001;null
303;746;6/21/2001;null
304;747;5/17/2001;null
305;748;5/21/2001;null
306;749;5/18/2001;null
307;750;5/14/2001;null
308;751;5/15/2001;null
309;752;5/21/2001;null
310;753;5/21/2001;null
311;754;5/17/2001;null
312;755;5/15/2001;null
313;756;5/15/2001;null
314;757;5/15/2001;null
315;758;5/14/2001;null
316;760;5/14/2001;null
317;761;5/16/2001;null
318;762;5/11/2001;null
319;763;5/21/2001;null
320;764;5/14/2001;null
321;765;5/18/2001;null
322;766;5/24/2001;null
323;767;5/23/2001;null
324;768;5/14/2001;null
325;769;5/15/2001;null
326;770;5/21/2001;null
327;771;5/21/2001;null
328;772;5/16/2001;null
329;773;5/17/2001;null
330;774;5/21/2001;null
331;775;9/6/2001;null
332;776;5/18/2001;null
333;777;5/21/2001;null
334;778;5/17/2001;null
335;779;5/21/2001;null
336;780;5/16/2001;null
337;781;5/21/2001;null
338;782;5/23/2001;null
339;783;5/11/2001;null
340;784;5/15/2001;null
341;785;5/16/2001;null
342;786;5/18/2001;null
343;787;5/18/2001;null
344;788;5/18/2001;null
345;790;5/15/2001;null
346;792;5/15/2001;null
347;794;5/22/2001;null
348;795;5/21/2001;null
349;796;5/14/2001;null
350;797;5/17/2001;null
351;798;5/16/2001;null
352;799;5/18/2001;null
353;800;5/21/2001;null
354;801;5/23/2001;null
355;803;5/16/2001;null
356;804;5/17/2001;null
357;805;5/29/2002;null
358;806;5/7/2001;null
359;807;5/14/2001;null
360;808;5/17/2001;null
361;809;5/21/2001;null
362;810;5/18/2001;null
363;811;5/21/2001;null
364;812;5/15/2001;null
365;813;5/21/2001;null
366;814;5/14/2001;null
367;815;5/23/2001;null
368;816;5/23/2001;null
369;817;5/16/2001;null
370;818;5/17/2001;null
371;819;5/15/2001;null
372;820;5/15/2001;null
373;821;5/16/2001;null
374;822;5/14/2001;null
375;823;5/21/2001;null
376;825;5/21/2001;null
377;828;5/14/2001;null
378;829;5/15/2001;null
379;830;5/23/2001;null
380;831;6/10/2002;null
381;832;5/21/2001;null
382;833;5/22/2001;null
383;834;5/14/2001;null
384;835;5/17/2001;null
385;836;5/15/2001;null
386;837;5/21/2001;null
387;838;5/21/2001;null
388;839;9/10/2002;null
389;840;5/17/2001;null
390;841;11/27/2001;null
391;842;5/11/2001;null
392;843;5/23/2001;null
393;844;5/21/2001;null
394;845;5/15/2001;null
395;846;5/15/2001;null
396;847;5/18/2001;null
397;848;5/15/2001;null
398;849;5/23/2001;null
399;850;5/15/2001;null
400;851;5/23/2001;null
401;852;5/22/2001;null
402;853;5/18/2001;null
403;854;5/17/2001;null
404;855;5/15/2001;null
405;856;5/18/2001;null
406;857;5/15/2001;null
407;858;5/21/2001;null
408;859;5/17/2001;null
409;860;5/21/2001;null
410;862;5/15/2001;null
411;863;5/21/2001;null
412;864;5/21/2001;null
413;867;5/23/2001;null
414;868;5/16/2001;null
415;869;5/15/2001;null
416;870;5/18/2001;null
417;871;5/17/2001;null
418;872;6/10/2002;null
419;873;5/22/2001;null
420;875;5/17/2001;null
421;876;5/21/2001;null
422;877;5/16/2001;null
423;878;5/7/2001;null
424;879;5/21/2001;null
425;880;5/11/2001;null
426;881;5/21/2001;null
427;882;5/17/2001;null
428;883;5/17/2001;null
429;884;5/21/2001;null
430;885;5/21/2001;null
431;886;5/22/2001;null
432;887;5/21/2001;null
433;888;5/23/2001;null
434;889;5/18/2001;null
435;890;5/16/2001;null
436;891;5/17/2001;null
437;892;5/21/2001;null
438;895;5/17/2001;null
439;896;5/18/2001;null
440;897;5/14/2001;null
441;898;5/14/2001;null
442;899;5/21/2001;null
443;900;5/16/2001;null
444;901;5/18/2001;null
445;902;5/15/2001;null
446;903;5/18/2001;null
447;904;5/18/2001;null
448;905;5/15/2001;null
449;906;5/23/2001;null
450;907;5/15/2001;null
451;908;5/18/2001;null
452;909;5/16/2001;null
453;910;5/17/2001;null
454;911;5/15/2001;null
455;912;5/18/2001;null
456;913;5/21/2001;null
457;914;5/8/2001;null
458;915;5/7/2001;null
459;916;5/21/2001;null
460;917;5/16/2001;null
461;918;5/23/2001;null
462;919;5/22/2001;null
463;920;5/16/2001;null
464;921;5/16/2001;null
465;922;5/14/2001;null
466;925;5/14/2001;null
467;926;5/21/2001;null
468;927;5/22/2001;null
469;928;5/18/2001;null
470;929;5/22/2001;null
471;930;5/18/2001;null
472;931;5/18/2001;null
473;932;5/17/2001;null
474;933;5/22/2001;null
475;934;5/14/2001;null
476;935;5/14/2001;null
477;936;5/14/2001;null
478;937;5/14/2001;null
479;938;5/17/2001;null
480;939;5/18/2001;null
481;940;5/14/2001;null
482;941;5/14/2001;null
483;942;5/14/2001;null
484;943;5/14/2001;null
485;944;5/16/2001;null
486;945;5/15/2001;null
487;946;5/17/2001;null
488;947;5/16/2001;null
489;948;5/18/2001;null
490;949;5/21/2001;null
491;950;5/17/2001;null
492;951;5/14/2001;null
493;952;5/22/2001;null
494;953;5/21/2001;null
495;954;5/22/2001;null
496;955;5/21/2001;null
497;956;5/21/2001;null
498;957;5/21/2001;null
499;958;5/11/2001;null
500;959;5/16/2001;null
501;960;5/21/2001;null
502;961;5/15/2001;null
503;962;9/3/2001;null
504;963;5/23/2001;null
505;964;5/21/2001;null
506;965;5/21/2001;null
507;966;5/16/2001;null
508;967;5/21/2001;null
509;968;5/21/2001;null
510;969;5/16/2001;null
511;970;5/22/2001;null
512;971;5/21/2001;null
513;972;5/16/2001;null
514;973;5/14/2001;null
515;974;5/23/2001;null
516;975;5/16/2001;null
517;976;5/21/2001;null
518;977;5/15/2001;null
519;978;5/21/2001;null
520;979;5/21/2001;null
521;980;8/23/2001;null
522;981;5/21/2001;null
523;982;5/7/2001;null
524;983;5/22/2001;null
525;984;5/16/2001;null
526;985;8/16/2002;null
527;986;5/14/2001;null
528;987;5/15/2001;null
529;988;5/18/2001;null
530;989;5/21/2001;null
531;990;5/17/2001;null
532;991;5/21/2001;null
533;992;5/16/2001;null
534;993;5/14/2001;null
535;994;5/14/2001;null
536;995;5/15/2001;null
537;997;5/17/2001;null
538;999;5/14/2001;null
539;1,000;5/14/2001;null
540;1,001;5/21/2001;null
541;1,002;5/29/2002;null
542;1,003;5/15/2001;null
543;1,004;5/23/2001;null
544;1,005;5/18/2001;null
545;1,006;5/16/2001;null
546;1,007;5/18/2001;null
547;1,008;5/16/2001;null
548;1,009;5/14/2001;null
549;1,010;5/18/2001;null
550;1,011;5/21/2001;null
551;1,012;12/9/2002;null
552;1,013;5/21/2001;null
553;1,014;5/21/2001;null
554;1,015;5/18/2001;null
555;1,016;5/18/2001;null
556;1,017;5/18/2001;null
557;1,018;5/15/2001;null
558;1,019;5/14/2001;null
559;1,020;5/15/2001;null
560;1,021;5/22/2001;null
561;1,022;5/16/2001;null
562;1,023;5/21/2001;null
563;1,024;5/21/2001;null
564;1,025;5/14/2001;null
565;1,026;5/18/2001;null
566;1,027;5/11/2001;null
567;1,028;5/17/2001;null
568;1,029;5/18/2001;null
569;1,030;5/18/2001;null
570;1,031;5/21/2001;null
571;1,032;5/17/2001;null
572;1,033;5/18/2001;null
573;1,034;5/16/2001;null
574;1,035;5/18/2001;null
575;1,036;5/11/2001;null
576;1,037;5/21/2001;null
577;1,038;5/18/2001;null
578;1,039;5/17/2001;null
579;1,040;5/16/2001;null
580;1,041;5/11/2001;null
581;1,042;5/21/2001;null
582;1,043;5/17/2001;null
583;1,044;5/21/2001;null
584;1,045;5/17/2001;null
585;1,046;5/15/2001;null
586;1,047;5/17/2001;null
587;1,048;5/15/2001;null
588;1,049;5/21/2001;null
589;1,050;5/11/2001;null
590;1,051;5/18/2001;null
591;1,052;5/18/2001;null
592;1,054;5/14/2001;null
593;1,055;5/17/2001;null
594;1,056;5/18/2001;null
595;1,057;5/14/2001;null
596;1,058;5/21/2001;null
597;1,059;5/23/2001;null
598;1,060;5/21/2001;null
599;1,061;5/22/2001;null
600;1,062;5/15/2001;null
601;1,063;5/15/2001;null
602;1,064;5/16/2001;null
603;1,065;5/16/2001;null
604;1,066;5/18/2001;null
605;1,067;5/17/2001;null
606;1,068;5/17/2001;null
607;1,069;5/18/2001;null
608;1,070;5/18/2001;null
609;1,071;5/17/2001;null
610;1,072;5/17/2001;null
611;1,073;5/17/2001;null
612;1,074;5/21/2001;null
613;1,075;5/18/2001;null
614;1,076;5/17/2001;null
615;1,077;5/17/2001;null
616;1,078;5/18/2001;null
617;1,079;5/17/2001;null
618;1,080;5/14/2001;null
619;1,081;5/21/2001;null
620;1,082;5/17/2001;null
621;1,084;5/21/2001;null
622;1,085;5/11/2001;null
623;1,086;5/17/2001;null
624;1,087;5/22/2001;null
625;1,088;5/16/2001;null
626;1,089;5/21/2001;null
627;1,090;5/29/2002;null
628;1,092;5/14/2001;null
629;1,094;5/17/2001;null
630;1,095;5/22/2001;null
631;1,096;5/15/2001;null
632;1,097;5/21/2001;null
633;1,098;5/21/2001;null
634;1,099;5/18/2001;null
635;1,100;5/15/2001;null
636;1,102;5/18/2001;null
637;1,103;5/16/2001;null
638;1,104;5/17/2001;null
639;1,105;5/15/2001;null
640;1,106;5/17/2001;null
641;1,107;5/22/2001;null
642;1,108;5/15/2001;null
643;1,109;5/17/2001;null
644;1,111;5/14/2001;null
645;1,112;5/24/2001;null
646;1,113;5/17/2001;null
647;1,114;5/16/2001;null
648;1,115;5/11/2001;null
649;1,116;5/21/2001;null
650;1,117;5/11/2001;null
651;1,120;5/15/2001;null
652;1,121;5/11/2001;null
653;1,122;5/7/2001;null
654;1,123;5/15/2001;null
655;1,124;5/21/2001;null
656;1,125;5/17/2001;null
657;1,126;5/21/2001;null
658;1,127;5/11/2001;null
659;1,128;5/11/2001;null
660;1,129;5/14/2001;null
661;1,130;5/17/2001;null
662;1,132;5/17/2001;null
663;1,136;5/14/2001;null
664;1,137;5/17/2001;null
665;1,138;5/15/2001;null
666;1,139;5/17/2001;null
667;1,141;5/14/2001;null
668;1,142;3/31/2003;null
669;1,144;5/18/2001;null
670;1,145;5/14/2001;null
671;1,148;5/7/2001;null
672;1,149;5/18/2001;null
673;1,150;5/7/2001;null
674;1,152;5/17/2001;null
675;1,153;5/21/2001;null
676;1,154;5/21/2001;null
677;1,155;5/7/2001;null
678;1,156;5/18/2001;null
679;1,157;5/23/2001;null
680;1,158;5/16/2001;null
681;1,159;5/18/2001;null
682;1,160;5/14/2001;null
683;1,161;5/11/2001;null
684;1,162;5/18/2001;null
685;1,163;5/11/2001;null
686;1,164;5/16/2001;null
687;1,165;5/18/2001;null
688;1,166;5/16/2001;null
689;1,167;5/17/2001;null
690;1,168;5/17/2001;null
691;1,169;5/22/2001;null
692;1,170;5/18/2001;null
693;1,171;5/21/2001;null
694;1,172;5/18/2001;null
695;1,173;5/18/2001;null
696;1,174;5/11/2001;null
697;1,175;5/16/2001;null
698;1,176;5/18/2001;null
699;1,177;5/18/2001;null
700;1,178;5/17/2001;null
701;1,179;5/14/2001;null
702;1,181;5/14/2001;null
703;1,182;5/22/2001;null
704;1,186;5/21/2001;null
705;1,187;5/21/2001;null
706;1,188;5/17/2001;null
707;1,189;5/21/2001;null
708;1,190;5/21/2001;null
709;1,191;5/22/2001;null
710;1,192;5/24/2001;null
711;1,193;5/18/2001;null
712;1,194;5/17/2001;null
713;1,195;5/17/2001;null
714;1,196;5/22/2001;null
715;1,197;5/16/2001;null
716;1,198;5/16/2001;null
717;1,199;5/21/2001;null
718;1,200;5/16/2001;null
719;1,201;5/16/2001;null
720;1,202;5/21/2001;null
721;1,203;5/15/2001;null
722;1,204;5/18/2001;null
723;1,205;5/17/2001;null
724;1,206;5/17/2001;null
725;1,207;5/21/2001;null
726;1,208;5/22/2001;null
727;1,209;5/14/2001;null
728;1,210;5/17/2001;null
729;1,211;5/18/2001;null
730;1,212;5/18/2001;null
731;1,213;5/21/2001;null
732;1,214;5/21/2001;null
733;1,215;5/15/2001;null
734;1,216;5/14/2001;null
735;1,217;5/18/2001;null
736;1,218;5/18/2001;null
737;1,219;5/21/2001;null
738;1,220;5/16/2001;null
739;1,221;5/16/2001;null
740;1,222;5/15/2001;null
741;1,223;3/13/2002;null
742;1,224;5/15/2001;null
743;1,225;5/14/2001;null
744;1,226;5/11/2001;null
745;1,227;5/18/2001;null
746;1,228;5/16/2001;null
747;1,229;5/21/2001;null
748;1,230;5/15/2001;null
749;1,231;5/18/2001;null
750;1,232;10/21/2002;null
751;1,233;5/21/2001;null
752;1,234;5/21/2001;null
753;1,235;5/21/2001;null
754;1,236;5/21/2001;null
755;1,237;5/21/2001;null
756;1,238;5/21/2001;null
757;1,239;5/21/2001;null
758;1,240;5/21/2001;null
759;1,241;5/21/2001;null
760;1,242;5/16/2001;null
761;1,243;5/24/2001;null
762;1,244;5/17/2001;null
763;1,245;5/15/2001;null
764;1,246;5/14/2001;null
765;1,247;5/14/2001;null
766;1,248;5/21/2001;null
767;1,249;5/21/2001;null
768;1,250;5/18/2001;null
769;1,251;5/21/2001;null
770;1,252;5/18/2001;null
771;1,253;5/21/2001;null
772;1,254;5/18/2001;null
773;1,255;5/21/2001;null
774;1,256;5/21/2001;null
775;1,257;5/21/2001;null
776;1,258;5/21/2001;null
777;1,259;5/22/2001;null
778;1,260;5/22/2001;null
779;1,261;5/16/2001;null
780;1,262;5/16/2001;null
781;1,263;5/16/2001;null
782;1,264;5/22/2001;null
783;1,265;5/16/2001;null
784;1,266;5/14/2001;null
785;1,267;5/15/2001;null
786;1,268;5/14/2001;null
787;1,269;5/15/2001;null
788;1,270;5/15/2001;null
789;1,271;5/18/2001;null
790;1,272;5/18/2001;null
791;1,273;5/21/2001;null
792;1,274;5/21/2001;null
793;1,275;5/21/2001;null
794;1,276;5/18/2001;null
795;1,277;5/18/2001;null
796;1,278;5/18/2001;null
797;1,279;5/17/2001;null
798;1,280;5/14/2001;null
799;1,281;5/14/2001;null
800;1,282;5/18/2001;null
801;1,283;5/22/2001;null
802;1,284;5/17/2001;null
803;1,285;5/17/2001;null
804;1,286;5/17/2001;null
805;1,287;5/14/2001;null
806;1,288;5/14/2001;null
807;1,289;5/11/2001;null
808;1,290;5/11/2001;null
809;1,291;5/11/2001;null
810;1,293;5/21/2001;null
811;1,294;5/15/2001;null
812;1,295;5/15/2001;null
813;1,296;5/22/2001;null
814;1,297;5/17/2001;null
815;1,298;5/15/2001;null
816;1,299;5/22/2001;null
817;1,300;5/16/2001;null
818;1,301;5/21/2001;null
819;1,302;5/14/2001;null
820;1,303;5/21/2001;null
821;1,304;5/11/2001;null
822;1,305;5/16/2001;null
823;1,306;5/14/2001;null
824;1,307;5/18/2001;null
825;1,308;5/11/2001;null
826;1,309;5/11/2001;null
827;1,311;5/21/2001;null
828;1,312;5/22/2001;null
829;1,313;5/15/2001;null
830;1,314;5/16/2001;null
831;1,315;5/14/2001;null
832;1,316;5/21/2001;null
833;1,317;5/23/2001;null
834;1,318;5/15/2001;null
835;1,319;5/17/2001;null
836;1,320;5/17/2001;null
837;1,321;5/15/2001;null
838;1,322;5/21/2001;null
839;1,323;5/18/2001;null
840;1,324;5/18/2001;null
841;1,325;5/18/2001;null
842;1,326;5/8/2001;null
843;1,327;5/11/2001;null
844;1,328;5/7/2001;null
845;1,329;5/7/2001;null
846;1,330;5/16/2001;null
847;1,331;5/16/2001;null
848;1,332;5/16/2001;null
849;1,333;5/18/2001;null
850;1,334;5/14/2001;null
851;1,335;5/16/2001;null
852;1,336;5/14/2001;null
853;1,337;5/21/2001;null
854;1,338;5/14/2001;null
855;1,339;5/15/2001;null
856;1,340;5/16/2001;null
857;1,341;5/15/2001;null
858;1,342;5/21/2001;null
859;1,343;5/15/2001;null
860;1,344;5/15/2001;null
861;1,345;5/22/2001;null
862;1,346;5/21/2001;null
863;1,347;5/21/2001;null
864;1,348;5/18/2001;null
865;1,349;5/17/2001;null
866;1,350;5/17/2001;null
867;1,351;5/17/2001;null
868;1,352;5/18/2001;null
869;1,353;5/14/2001;null
870;1,354;5/22/2001;null
871;1,355;5/22/2001;null
872;1,356;5/11/2001;null
873;1,357;5/11/2001;null
874;1,358;5/18/2001;null
875;1,359;5/16/2001;null
876;1,360;5/14/2001;null
877;1,361;5/14/2001;null
878;1,362;5/21/2001;null
879;1,363;5/16/2001;null
880;1,364;5/18/2001;null
881;1,365;5/21/2001;null
882;1,368;5/11/2001;null
883;1,369;5/14/2001;null
884;1,370;5/18/2001;null
885;1,371;5/18/2001;null
886;1,372;5/15/2001;null
887;1,373;5/17/2001;null
888;1,374;5/23/2001;null
889;1,375;5/14/2001;null
890;1,376;5/21/2001;null
891;1,377;5/11/2001;null
892;1,378;5/15/2001;null
893;1,379;5/14/2001;null
894;1,380;5/14/2001;null
895;1,381;5/16/2001;null
896;1,382;5/23/2001;null
897;1,383;5/18/2001;null
898;1,384;5/22/2001;null
899;1,385;5/15/2001;null
900;1,386;5/15/2001;null
901;1,387;6/25/2001;null
902;1,388;5/18/2001;null
903;1,389;5/18/2001;null
904;1,390;5/21/2001;null
905;1,391;5/17/2001;null
906;1,392;5/17/2001;null
907;1,393;5/21/2001;null
908;1,394;5/18/2001;null
909;1,395;5/18/2001;null
910;1,396;5/18/2001;null
911;1,397;5/21/2001;null
912;1,398;5/16/2001;null
913;1,399;5/17/2001;null
914;1,400;5/17/2001;null
915;1,401;5/14/2001;null
916;1,402;5/15/2001;null
917;1,403;5/21/2001;null
918;1,404;5/18/2001;null
919;1,405;5/14/2001;null
920;1,406;5/15/2001;null
921;1,407;5/18/2001;null
922;1,408;5/17/2001;null
923;1,409;5/22/2001;null
924;1,410;5/16/2001;null
925;1,411;5/21/2001;null
926;1,412;5/21/2001;null
927;1,413;5/14/2001;null
928;1,414;5/22/2001;null
929;1,415;5/14/2001;null
930;1,416;5/15/2001;null
931;1,417;5/15/2001;null
932;1,418;5/17/2001;null
933;1,419;5/9/2001;null
934;1,420;5/14/2001;null
935;1,421;5/14/2001;null
936;1,422;5/18/2001;null
937;1,423;5/21/2001;null
938;1,424;5/18/2001;null
939;1,425;5/17/2001;null
940;1,426;5/15/2001;null
941;1,428;5/22/2001;null
942;1,429;5/24/2001;null
943;1,430;5/7/2001;null
944;1,431;5/16/2001;null
945;1,432;5/17/2001;null
946;1,433;5/15/2001;null
947;1,434;9/3/2001;null
948;1,435;5/15/2001;null
949;1,436;5/11/2001;null
950;1,437;5/15/2001;null
951;1,438;5/18/2001;null
952;1,439;5/15/2001;null
953;1,440;5/18/2001;null
954;1,441;5/15/2001;null
955;1,442;5/11/2001;null
956;1,443;5/7/2001;null
957;1,444;5/18/2001;null
958;1,445;5/16/2001;null
959;1,446;5/17/2001;null
960;1,447;5/18/2001;null
961;1,448;5/11/2001;null
962;1,449;5/11/2001;null
963;1,450;5/17/2001;null
964;1,451;5/21/2001;null
965;1,452;5/21/2001;null
966;1,453;5/21/2001;null
967;1,454;5/21/2001;null
968;1,455;5/21/2001;null
969;1,456;5/22/2001;null
970;1,457;5/21/2001;null
971;1,458;5/22/2001;null
972;1,459;5/18/2001;null
973;1,460;5/7/2001;null
974;1,461;5/21/2001;null
975;1,462;5/23/2001;null
976;1,463;5/17/2001;null
977;1,464;5/21/2001;null
978;1,465;5/21/2001;null
979;1,466;5/17/2001;null
980;1,467;5/18/2001;null
981;1,468;5/18/2001;null
982;1,469;5/21/2001;null
983;1,470;5/14/2001;null
984;1,471;5/21/2001;null
985;1,472;5/14/2001;null
986;1,473;5/17/2001;null
987;1,474;5/18/2001;null
988;1,475;5/17/2001;null
989;1,476;5/18/2001;null
990;1,477;5/11/2001;null
991;1,478;5/16/2001;null
992;1,479;5/21/2001;null
993;1,480;5/21/2001;null
994;1,481;5/21/2001;null
995;1,482;5/18/2001;null
996;1,483;5/11/2001;null
997;1,484;5/14/2001;null
998;1,485;5/14/2001;null
999;1,486;5/18/2001;null
1,000;1,487;5/16/2001;null
1,001;1,488;5/16/2001;null
1,002;1,489;5/16/2001;null
1,003;1,490;5/17/2001;null
1,004;1,491;5/18/2001;null
1,005;1,492;5/21/2001;null
1,006;1,493;5/15/2001;null
1,007;1,494;5/18/2001;null
1,008;1,495;5/21/2001;null
1,009;1,496;5/15/2001;null
1,010;1,497;5/11/2001;null
1,011;1,498;5/22/2001;null
1,012;1,499;5/17/2001;null
1,013;1,500;5/22/2001;null
1,014;1,501;5/18/2001;null
1,015;1,502;5/15/2001;null
1,016;1,503;5/14/2001;null
1,017;1,504;5/17/2001;null
1,018;1,505;5/11/2001;null
1,019;1,506;5/18/2001;null
1,020;1,507;5/16/2001;null
1,021;1,508;5/21/2001;null
1,022;1,509;5/11/2001;null
1,023;1,510;5/17/2001;null
1,024;1,511;5/14/2001;null
1,025;1,512;5/15/2001;null
1,026;1,513;5/14/2001;null
1,027;1,514;5/18/2001;null
1,028;1,515;5/18/2001;null
1,029;1,516;5/14/2001;null
1,030;1,517;5/16/2001;null
1,031;1,518;5/18/2001;null
1,032;1,519;5/18/2001;null
1,033;1,520;5/11/2001;null
1,034;1,521;5/24/2001;null
1,035;1,522;5/18/2001;null
1,036;1,523;5/17/2001;null
1,037;1,524;5/15/2001;null
1,038;1,525;8/22/2003;null
1,039;1,526;10/13/2006;null
1,040;1,527;7/8/2005;null
1,041;1,528;7/8/2005;null
1,042;1,529;7/8/2005;null
1,043;1,530;7/18/2005;null
1,044;1,531;6/22/2006;null
1,045;1,532;6/22/2006;null
1,046;1,533;7/13/2006;null
1,047;1,534;7/13/2006;null
1,048;1,535;7/13/2006;null
1,049;1,536;7/13/2006;null
1,050;1,537;7/13/2006;null
1,051;1,538;7/13/2006;null
1,052;1,539;7/13/2006;null
1,053;1,540;7/13/2006;null
1,054;1,541;7/13/2006;null
1,055;1,542;7/13/2006;null
1,056;1,543;9/26/2006;null
1,057;1,544;10/23/2006;null
1,058;1,545;11/27/2006;null
1,059;1,546;11/27/2006;null
1,060;1,547;11/30/2006;null
1,061;1,548;11/30/2006;null
1,062;1,549;11/30/2006;null
1,063;1,550;2/12/2007;null
1,064;1,551;2/27/2007;null
1,065;1,552;4/10/2007;null
1,066;1,553;5/4/2007;null
1,067;1,554;4/27/2007;null
1,068;1,555;5/11/2007;null
1,069;1,556;6/14/2007;null
1,070;1,557;6/28/2007;null
1,071;1,558;6/28/2007;null
1,072;1,559;6/28/2007;null
1,073;1,560;8/16/2007;null
1,074;1,561;8/16/2007;null
1,075;1,562;10/2/2007;null
1,076;1,563;10/30/2007;null
1,077;1,564;4/29/2008;null
1,078;1,565;12/6/2007;null
1,079;1,566;1/28/2008;null
1,080;1,567;2/22/2008;null
1,081;1,568;4/10/2008;null
1,082;1,569;5/9/2008;null
1,083;1,570;4/24/2008;null
1,084;1,571;4/24/2008;null
1,085;1,572;6/5/2008;null
1,086;1,573;7/16/2008;null
1,087;1,574;8/8/2008;null
1,088;1,575;8/12/2008;null
1,089;1,576;10/10/2008;null
1,090;1,577;10/10/2008;null
1,091;1,578;10/10/2008;null
1,092;1,579;10/31/2008;null
1,093;1,580;2/25/2009;null
1,094;1,581;4/13/2009;null
1,095;1,582;4/13/2009;null
1,096;1,583;4/13/2009;null
1,097;1,584;4/14/2009;null
1,098;1,585;6/10/2009;null
1,099;1,586;6/15/2009;null
1,100;1,587;7/14/2009;null
1,101;1,588;8/26/2009;null
1,102;1,589;9/18/2009;null
1,103;1,590;2/5/2010;null
1,104;1,591;2/5/2010;null
1,105;1,592;4/12/2010;null
1,106;1,593;4/12/2010;null
1,107;1,594;4/12/2010;null
1,108;1,595;4/13/2010;null
1,109;1,596;8/24/2010;null
1,110;1,597;8/24/2010;null
1,111;1,598;9/20/2010;null
1,112;1,599;9/20/2010;null
1,113;1,600;9/20/2010;null
1,114;1,601;9/30/2010;null
1,115;1,602;9/30/2010;null
1,116;1,603;9/30/2010;null
1,117;1,604;11/4/2010;null
1,118;1,605;11/4/2010;null
1,119;1,606;11/25/2010;null
1,120;1,607;1/7/2011;null
1,121;1,608;1/7/2011;null
1,122;1,609;2/18/2011;null
1,123;1,610;2/18/2011;null
1,124;1,611;3/29/2011;null
1,125;1,612;4/20/2011;null
1,126;1,613;6/14/2011;null
1,127;1,614;8/11/2011;null
1,128;1,615;8/11/2011;null
1,129;1,616;8/11/2011;null
1,130;1,617;10/3/2011;null
1,131;1,618;10/3/2011;null
1,132;1,619;10/3/2011;null
1,133;1,620;10/18/2011;null
1,134;1,621;10/25/2011;null
1,135;1,622;10/25/2011;null
1,136;1,623;2/17/2012;null
1,137;1,624;2/17/2012;null
1,138;1,625;3/13/2012;null
1,139;1,626;3/13/2012;null
1,140;1,627;3/23/2012;null
1,141;1,628;5/17/2012;null
1,142;1,629;5/23/2012;null
1,143;1,630;6/6/2012;null
1,144;1,631;6/5/2012;null
1,145;1,632;7/31/2012;null
1,146;1,633;8/28/2012;null
1,147;1,634;8/28/2012;null
1,148;1,635;10/8/2012;null
1,149;1,636;10/23/2012;null
1,150;1,637;10/22/2012;null
1,151;1,638;10/23/2012;null
1,152;1,639;10/31/2012;null
1,153;1,640;12/11/2012;null
1,154;1,641;12/3/2012;null
1,155;1,642;12/11/2012;null
1,156;1,643;12/19/2012;null
1,157;1,644;1/30/2013;null
1,158;1,645;2/21/2013;null
1,159;1,646;2/19/2013;null
1,160;1,647;3/12/2013;null
1,161;1,648;4/24/2013;null
1,162;1,649;4/12/2013;null
1,163;1,650;5/22/2013;null
1,164;1,651;5/23/2013;null
1,165;1,652;6/5/2013;null
1,166;1,653;6/6/2013;null
1,167;1,654;6/17/2013;null
1,168;1,655;6/17/2013;null
1,169;1,656;6/17/2013;null
1,170;1,657;8/12/2013;null
1,171;1,658;10/16/2013;null
1,172;1,659;10/16/2013;null
1,173;1,660;11/27/2013;null
1,174;1,661;2/24/2014;null
1,175;1,662;2/24/2014;null
1,176;1,663;2/24/2014;null
1,177;1,664;2/24/2014;null
1,178;1,665;2/24/2014;null
1,179;1,666;3/18/2014;null
1,180;1,667;3/18/2014;null
1,181;1,668;3/18/2014;null
1,182;1,669;3/18/2014;null
1,183;1,670;3/18/2014;null
1,184;1,671;5/14/2014;null
1,185;1,672;5/14/2014;null
1,186;1,673;6/4/2014;null
1,187;1,674;5/14/2014;null
1,188;1,675;5/14/2014;null
1,189;1,676;8/7/2014;null
1,190;1,677;8/7/2014;null
1,191;1,678;8/7/2014;null
1,192;1,679;8/7/2014;null
1,193;1,680;7/30/2014;null
1,194;1,681;9/2/2014;null
1,195;1,682;11/28/2014;null
1,196;1,683;9/25/2014;null
1,197;1,684;9/25/2014;null
1,198;1,685;11/5/2014;null
1,199;1,686;11/5/2014;null
1,200;1,687;11/5/2014;null
1,201;1,688;11/28/2014;null
1,202;1,689;11/28/2014;null
1,203;1,690;11/28/2014;null
1,204;1,691;11/28/2014;null
1,205;1,692;11/26/2014;null
1,206;1,693;3/13/2015;null
1,207;1,694;3/13/2015;null
1,208;1,695;4/6/2015;null
1,209;1,696;3/13/2015;null
1,210;1,697;4/6/2015;null
1,211;1,698;4/6/2015;null
1,212;1,699;5/14/2015;null
1,213;1,700;5/14/2015;null
1,214;1,701;6/16/2015;null
1,215;1,702;6/24/2015;null
1,216;1,703;6/24/2015;null
1,217;1,704;7/15/2015;null
1,218;1,705;7/15/2015;null
1,219;1,706;7/20/2015;null
1,220;1,707;10/5/2015;null
1,221;1,708;9/21/2015;null
1,222;1,709;11/20/2015;null
1,223;1,710;10/30/2015;null
1,224;1,711;11/20/2015;null
1,225;1,712;11/20/2015;null
1,226;1,713;11/24/2015;null
1,227;1,714;11/24/2015;null
1,228;1,715;12/16/2015;null
1,229;1,716;12/16/2015;null
1,230;1,717;12/18/2015;null
1,231;1,730;5/11/2016;null
1,232;1,731;11/28/2016;null
1,233;1,733;9/13/2016;null
1,234;1,734;9/13/2016;null
1,235;1,735;9/8/2016;null
1,236;1,739;11/28/2016;null
1,237;1,740;12/6/2016;null
1,238;1,741;11/28/2016;null
1,239;1,742;10/6/2016;null
1,240;1,743;2/7/2017;null
1,241;1,744;12/6/2016;null
1,242;1,746;2/17/2017;null
1,243;1,747;2/17/2017;null
1,244;1,748;3/17/2017;null
1,245;1,749;4/20/2017;null
1,246;1,750;3/29/2017;null
1,247;1,751;4/20/2017;null
1,248;1,752;4/20/2017;null
1,249;3,001;5/16/2001;null
1,250;3,002;7/2/2002;null
1,251;3,003;5/21/2001;null
1,252;3,005;5/22/2001;null
1,253;3,006;5/21/2001;null
1,254;3,007;5/22/2001;null
1,255;3,008;5/14/2001;null
1,256;3,009;5/21/2001;null
1,257;3,010;5/17/2001;null
1,258;3,011;5/15/2001;null
1,259;3,012;5/18/2001;null
1,260;3,013;5/17/2001;null
1,261;3,014;5/14/2001;null
1,262;3,015;5/14/2001;null
1,263;3,016;5/21/2001;null
1,264;3,017;5/14/2001;null
1,265;3,018;5/8/2001;null
1,266;3,019;5/21/2001;null
1,267;3,020;5/18/2001;null
1,268;3,021;5/23/2001;null
1,269;3,022;5/22/2001;null
1,270;3,023;5/18/2001;null
1,271;3,024;5/16/2001;null
1,272;3,025;5/15/2001;null
1,273;3,026;5/17/2001;null
1,274;3,027;5/14/2001;null
1,275;3,028;6/11/2002;null
1,276;3,029;5/18/2001;null
1,277;3,030;5/14/2001;null
1,278;3,031;5/11/2001;null
1,279;3,032;5/21/2001;null
1,280;3,033;5/7/2001;null
1,281;3,034;5/16/2001;null
1,282;3,035;5/18/2001;null
1,283;3,036;5/15/2001;null
1,284;3,037;5/17/2001;null
1,285;3,038;5/17/2001;null
1,286;3,039;7/31/2001;null
1,287;3,040;8/23/2001;null
1,288;3,041;5/21/2001;null
1,289;3,042;5/11/2001;null
1,290;3,043;9/3/2001;null
1,291;3,044;5/11/2001;null
1,292;3,046;5/21/2001;null
1,293;3,047;5/17/2001;null
1,294;3,048;5/14/2001;null
1,295;3,049;5/17/2001;null
1,296;3,050;5/23/2001;null
1,297;3,051;5/16/2001;null
1,298;3,052;5/21/2001;null
1,299;3,053;6/21/2001;null
1,300;3,055;5/18/2001;null
1,301;3,057;5/21/2001;null
1,302;3,060;5/21/2001;null
1,303;3,061;5/21/2001;null
1,304;3,062;5/17/2001;null
1,305;3,063;5/16/2001;null
1,306;3,064;5/18/2001;null
1,307;3,065;5/21/2001;null
1,308;3,066;5/16/2001;null
1,309;3,067;5/16/2001;null
1,310;3,068;5/17/2001;null
1,311;3,069;6/8/2001;null
1,312;3,070;5/21/2001;null
1,313;3,071;5/15/2001;null
1,314;3,072;5/16/2001;null
1,315;3,073;5/23/2001;null
1,316;3,074;5/15/2001;null
1,317;3,075;5/15/2001;null
1,318;3,076;5/14/2001;null
1,319;3,077;5/21/2001;null
1,320;3,078;5/21/2001;null
1,321;3,079;5/11/2001;null
1,322;3,080;5/8/2001;null
1,323;3,081;5/18/2001;null
1,324;3,082;5/15/2001;null
1,325;3,083;5/21/2001;null
1,326;3,084;5/17/2001;null
1,327;3,085;5/22/2001;null
1,328;3,086;5/16/2001;null
1,329;3,087;5/17/2001;null
1,330;3,088;5/14/2001;null
1,331;3,089;5/14/2001;null
1,332;3,090;5/15/2001;null
1,333;3,091;5/14/2001;null
1,334;3,092;5/23/2001;null
1,335;3,093;9/10/2002;null
1,336;3,094;5/16/2001;null
1,337;3,095;5/21/2001;null
1,338;3,096;5/22/2001;null
1,339;3,097;5/21/2001;null
1,340;3,098;5/21/2001;null
1,341;3,099;5/22/2001;null
1,342;3,100;5/21/2001;null
1,343;3,101;5/21/2001;null
1,344;3,102;6/12/2001;null
1,345;3,103;5/11/2001;null
1,346;3,104;5/21/2001;null
1,347;3,105;5/21/2001;null
1,348;3,106;5/21/2001;null
1,349;3,107;5/21/2001;null
1,350;3,108;5/21/2001;null
1,351;3,109;5/14/2001;null
1,352;3,110;5/21/2001;null
1,353;3,111;5/15/2001;null
1,354;3,112;5/14/2001;null
1,355;3,114;5/17/2001;null
1,356;3,115;5/18/2001;null
1,357;3,116;5/11/2001;null
1,358;3,117;5/14/2001;null
1,359;3,118;5/14/2001;null
1,360;3,119;5/21/2001;null
1,361;3,120;5/18/2001;null
1,362;3,121;5/21/2001;null
1,363;3,122;5/7/2001;null
1,364;3,123;5/17/2001;null
1,365;3,124;9/3/2001;null
1,366;3,125;5/17/2001;null
1,367;3,126;5/17/2001;null
1,368;3,127;5/14/2001;null
1,369;3,128;5/17/2001;null
1,370;3,129;5/22/2001;null
1,371;3,130;5/21/2001;null
1,372;3,131;5/21/2001;null
1,373;3,132;5/22/2001;null
1,374;3,133;5/16/2001;null
1,375;3,134;5/22/2001;null
1,376;3,135;5/17/2001;null
1,377;3,136;12/9/2002;null
1,378;3,137;5/22/2001;null
1,379;3,138;5/18/2001;null
1,380;3,139;5/22/2001;null
1,381;3,140;5/17/2001;null
1,382;3,141;5/21/2001;null
1,383;3,142;5/23/2001;null
1,384;3,143;5/21/2001;null
1,385;3,144;5/16/2001;null
1,386;3,145;5/16/2001;null
1,387;3,146;5/11/2001;null
1,388;3,147;5/21/2001;null
1,389;3,148;5/21/2001;null
1,390;3,149;5/21/2001;null
1,391;3,151;5/23/2001;null
1,392;3,152;5/21/2001;null
1,393;3,153;5/17/2001;null
1,394;3,154;5/11/2001;null
1,395;3,155;5/21/2001;null
1,396;3,156;5/14/2001;null
1,397;3,157;5/18/2001;null
1,398;3,158;5/15/2001;null
1,399;3,159;5/21/2001;null
1,400;3,160;5/21/2001;null
1,401;3,162;5/15/2001;null
1,402;3,163;5/17/2001;null
1,403;3,164;5/23/2001;null
1,404;3,165;5/21/2001;null
1,405;3,166;5/15/2001;null
1,406;3,167;5/21/2001;null
1,407;3,168;5/16/2001;null
1,408;3,169;5/15/2001;null
1,409;3,170;5/21/2001;null
1,410;3,171;5/16/2001;null
1,411;3,172;11/27/2001;null
1,412;3,173;5/21/2001;null
1,413;3,174;5/15/2001;null
1,414;3,175;5/21/2001;null
1,415;3,176;5/21/2001;null
1,416;3,177;7/1/2002;null
1,417;3,178;5/16/2001;null
1,418;3,179;5/21/2001;null
1,419;3,180;5/23/2001;null
1,420;3,182;5/15/2001;null
1,421;3,183;5/14/2001;null
1,422;3,184;5/23/2001;null
1,423;3,185;5/18/2001;null
1,424;3,186;5/16/2001;null
1,425;3,187;5/14/2001;null
1,426;3,188;5/18/2001;null
1,427;3,189;5/16/2001;null
1,428;3,190;5/15/2001;null
1,429;3,191;5/17/2001;null
1,430;3,192;5/17/2001;null
1,431;3,193;5/14/2001;null
1,432;3,194;5/16/2001;null
1,433;3,195;5/18/2001;null
1,434;3,197;6/8/2001;null
1,435;3,198;8/23/2001;null
1,436;3,199;5/11/2001;null
1,437;3,200;5/16/2001;null
1,438;3,201;5/16/2001;null
1,439;3,202;5/16/2001;null
1,440;3,203;5/21/2001;null
1,441;3,204;5/21/2001;null
1,442;3,205;5/16/2001;null
1,443;3,206;5/21/2001;null
1,444;3,207;5/21/2001;null
1,445;3,208;5/21/2001;null
1,446;3,209;5/21/2001;null
1,447;3,210;5/18/2001;null
1,448;3,211;5/21/2001;null
1,449;3,212;5/16/2001;null
1,450;3,213;5/16/2001;null
1,451;3,214;5/17/2001;null
1,452;3,215;5/22/2001;null
1,453;3,216;5/21/2001;null
1,454;3,217;5/21/2001;null
1,455;3,218;5/15/2001;null
1,456;3,219;5/21/2001;null
1,457;3,220;5/14/2001;null
1,458;3,221;5/15/2001;null
1,459;3,222;5/11/2001;null
1,460;3,223;5/14/2001;null
1,461;3,224;5/21/2001;null
1,462;3,226;5/17/2001;null
1,463;3,227;5/15/2001;null
1,464;3,229;5/17/2001;null
1,465;3,230;5/22/2001;null
1,466;3,231;5/18/2001;null
1,467;3,232;5/21/2001;null
1,468;3,233;5/17/2001;null
1,469;3,234;5/15/2001;null
1,470;3,235;5/14/2001;null
1,471;3,236;5/14/2001;null
1,472;3,237;5/17/2001;null
1,473;3,238;6/15/2001;null
1,474;3,240;5/17/2001;null
1,475;3,241;5/16/2001;null
1,476;3,242;5/22/2001;null
1,477;3,244;5/21/2001;null
1,478;3,245;5/18/2001;null
1,479;3,246;5/11/2001;null
1,480;3,247;5/21/2001;null
1,481;3,248;5/16/2001;null
1,482;3,249;5/23/2001;null
1,483;3,250;5/22/2001;null
1,484;3,251;5/14/2001;null
1,485;3,252;5/18/2001;null
1,486;3,253;5/14/2001;null
1,487;3,254;5/15/2001;null
1,488;3,255;5/17/2001;null
1,489;3,256;5/18/2001;null
1,490;3,257;5/15/2001;null
1,491;3,258;5/23/2001;null
1,492;3,259;5/18/2001;null
1,493;3,260;5/22/2001;null
1,494;3,262;5/14/2001;null
1,495;3,263;5/22/2001;null
1,496;3,264;5/18/2001;null
1,497;3,265;5/21/2001;null
1,498;3,266;5/17/2001;null
1,499;3,267;5/21/2001;null
1,500;3,268;5/15/2001;null
1,501;3,269;5/17/2001;null
1,502;3,270;5/17/2001;null
1,503;3,271;5/21/2001;null
1,504;3,272;5/21/2001;null
1,505;3,273;5/22/2001;null
1,506;3,274;5/18/2001;null
1,507;3,275;5/15/2001;null
1,508;3,276;5/21/2001;null
1,509;3,277;5/18/2001;null
1,510;3,278;5/16/2001;null
1,511;3,279;1/30/2002;null
1,512;3,280;5/18/2001;null
1,513;3,281;5/16/2001;null
1,514;3,283;5/21/2001;null
1,515;3,284;5/11/2001;null
1,516;3,285;5/15/2001;null
1,517;3,286;5/16/2001;null
1,518;3,287;5/14/2001;null
1,519;3,288;5/23/2001;null
1,520;3,289;6/12/2001;null
1,521;3,290;5/22/2001;null
1,522;3,291;5/18/2001;null
1,523;3,292;5/18/2001;null
1,524;3,293;5/17/2001;null
1,525;3,294;5/17/2001;null
1,526;3,295;5/18/2001;null
1,527;3,296;5/21/2001;null
1,528;3,297;5/17/2001;null
1,529;3,298;5/8/2001;null
1,530;3,299;6/14/2001;null
1,531;3,300;8/1/2001;null
1,532;3,301;5/18/2001;null
1,533;3,302;5/17/2001;null
1,534;3,303;6/18/2001;null
1,535;3,305;5/15/2001;null
1,536;3,306;5/18/2001;null
1,537;3,308;5/21/2001;null
1,538;3,309;5/15/2001;null
1,539;3,311;5/15/2001;null
1,540;3,312;5/14/2001;null
1,541;3,313;5/21/2001;null
1,542;3,314;5/17/2001;null
1,543;3,315;5/16/2001;null
1,544;3,316;5/15/2001;null
1,545;3,317;5/11/2001;null
1,546;3,319;6/29/2001;null
1,547;3,320;5/17/2001;null
1,548;3,321;5/21/2001;null
1,549;3,322;5/29/2002;null
1,550;3,323;5/18/2001;null
1,551;3,324;5/14/2001;null
1,552;3,325;7/31/2001;null
1,553;3,326;5/15/2001;null
1,554;3,327;5/14/2001;null
1,555;3,328;5/21/2001;null
1,556;3,329;5/14/2001;null
1,557;3,330;5/11/2001;null
1,558;3,331;5/21/2001;null
1,559;3,332;5/17/2001;null
1,560;3,333;5/15/2001;null
1,561;3,334;5/18/2001;null
1,562;3,335;5/18/2001;null
1,563;3,336;5/16/2001;null
1,564;3,337;5/17/2001;null
1,565;3,338;5/17/2001;null
1,566;3,339;5/21/2001;null
1,567;3,340;5/22/2001;null
1,568;3,341;5/22/2001;null
1,569;3,342;5/14/2001;null
1,570;3,343;5/15/2001;null
1,571;3,344;5/22/2001;null
1,572;3,345;5/15/2001;null
1,573;3,346;5/14/2001;null
1,574;3,347;5/16/2001;null
1,575;3,348;5/17/2001;null
1,576;3,349;5/16/2001;null
1,577;3,351;5/17/2001;null
1,578;3,353;5/15/2001;null
1,579;3,354;5/11/2001;null
1,580;3,355;5/16/2001;null
1,581;3,356;5/17/2001;null
1,582;3,357;5/14/2001;null
1,583;3,358;5/18/2001;null
1,584;3,359;5/21/2001;null
1,585;3,360;5/11/2001;null
1,586;3,361;5/21/2001;null
1,587;3,362;5/16/2001;null
1,588;3,363;5/16/2001;null
1,589;3,364;5/21/2001;null
1,590;3,365;5/18/2001;null
1,591;3,366;5/15/2001;null
1,592;3,368;5/21/2001;null
1,593;3,369;5/17/2001;null
1,594;3,370;5/14/2001;null
1,595;3,371;5/21/2001;null
1,596;3,372;5/21/2001;null
1,597;3,373;5/22/2001;null
1,598;3,374;5/17/2001;null
1,599;3,375;5/18/2001;null
1,600;3,376;5/22/2001;null
1,601;3,377;5/7/2001;null
1,602;3,378;5/16/2001;null
1,603;3,379;5/17/2001;null
1,604;3,381;5/21/2001;null
1,605;3,382;5/17/2001;null
1,606;3,383;5/18/2001;null
1,607;3,384;5/15/2001;null
1,608;3,385;5/18/2001;null
1,609;3,386;5/17/2001;null
1,610;3,387;5/21/2001;null
1,611;3,389;5/16/2001;null
1,612;3,390;5/21/2001;null
1,613;3,391;5/21/2001;null
1,614;3,392;5/16/2001;null
1,615;3,393;5/21/2001;null
1,616;3,394;5/21/2001;null
1,617;3,395;5/17/2001;null
1,618;3,396;5/22/2001;null
1,619;3,397;5/15/2001;null
1,620;3,398;5/15/2001;null
1,621;3,399;5/17/2001;null
1,622;3,400;5/21/2001;null
1,623;3,402;5/17/2001;null
1,624;3,403;5/21/2001;null
1,625;3,404;5/16/2001;null
1,626;3,405;5/11/2001;null
1,627;3,406;5/17/2001;null
1,628;3,407;5/16/2001;null
1,629;3,408;5/17/2001;null
1,630;3,409;5/15/2001;null
1,631;3,410;5/14/2001;null
1,632;3,411;5/21/2001;null
1,633;3,412;5/21/2001;null
1,634;3,413;5/21/2001;null
1,635;3,414;10/21/2002;null
1,636;3,415;5/29/2002;null
1,637;3,416;5/15/2001;null
1,638;3,417;5/21/2001;null
1,639;3,418;5/21/2001;null
1,640;3,419;5/21/2001;null
1,641;3,420;5/14/2001;null
1,642;3,421;5/21/2001;null
1,643;3,422;5/21/2001;null
1,644;3,423;5/17/2001;null
1,645;3,424;5/21/2001;null
1,646;3,425;5/17/2001;null
1,647;3,426;5/7/2001;null
1,648;3,428;5/22/2001;null
1,649;3,429;5/16/2001;null
1,650;3,430;5/17/2001;null
1,651;3,431;5/16/2001;null
1,652;3,432;5/14/2001;null
1,653;3,433;5/15/2001;null
1,654;3,434;5/21/2001;null
1,655;3,435;5/21/2001;null
1,656;3,436;5/18/2001;null
1,657;3,437;5/21/2001;null
1,658;3,438;5/21/2001;null
1,659;3,439;5/22/2001;null
1,660;3,440;5/21/2001;null
1,661;3,441;5/21/2001;null
1,662;3,442;5/14/2001;null
1,663;3,444;5/14/2001;null
1,664;3,445;5/11/2001;null
1,665;3,446;5/14/2001;null
1,666;3,447;5/21/2001;null
1,667;3,448;5/11/2001;null
1,668;3,449;5/18/2001;null
1,669;3,450;5/21/2001;null
1,670;3,451;5/11/2001;null
1,671;3,452;5/18/2001;null
1,672;3,453;5/16/2001;null
1,673;3,454;5/15/2001;null
1,674;3,455;5/14/2001;null
1,675;3,456;5/16/2001;null
1,676;3,457;5/11/2001;null
1,677;3,458;5/21/2001;null
1,678;3,459;5/14/2001;null
1,679;3,460;5/21/2001;null
1,680;3,461;5/21/2001;null
1,681;3,462;5/21/2001;null
1,682;3,463;5/15/2001;null
1,683;3,464;5/11/2001;null
1,684;3,465;5/22/2001;null
1,685;3,466;5/21/2001;null
1,686;3,467;5/14/2001;null
1,687;3,468;5/11/2001;null
1,688;3,469;5/11/2001;null
1,689;3,470;5/18/2001;null
1,690;3,471;5/17/2001;null
1,691;3,472;5/22/2001;null
1,692;3,473;5/16/2001;null
1,693;3,474;5/18/2001;null
1,694;3,475;5/15/2001;null
1,695;3,476;5/16/2001;null
1,696;3,477;5/16/2001;null
1,697;3,478;5/14/2001;null
1,698;3,479;5/18/2001;null
1,699;3,480;5/22/2001;null
1,700;3,481;5/16/2001;null
1,701;3,482;5/15/2001;null
1,702;3,483;5/18/2001;null
1,703;3,484;5/14/2001;null
1,704;3,485;5/11/2001;null
1,705;3,486;5/21/2001;null
1,706;3,487;5/15/2001;null
1,707;3,488;5/17/2001;null
1,708;3,489;5/21/2001;null
1,709;3,490;5/15/2001;null
1,710;3,491;5/14/2001;null
1,711;3,492;5/16/2001;null
1,712;3,493;5/24/2001;null
1,713;3,494;5/18/2001;null
1,714;3,495;5/14/2001;null
1,715;3,496;5/21/2001;null
1,716;3,497;5/17/2001;null
1,717;3,498;5/14/2001;null
1,718;3,499;5/15/2001;null
1,719;3,500;5/18/2001;null
1,720;3,501;5/17/2001;null
1,721;3,502;5/17/2001;null
1,722;3,503;5/11/2001;null
1,723;3,504;5/22/2001;null
1,724;3,505;5/22/2001;null
1,725;3,506;5/18/2001;null
1,726;3,508;5/21/2001;null
1,727;3,509;5/18/2001;null
1,728;3,510;5/21/2001;null
1,729;3,511;5/15/2001;null
1,730;3,512;5/14/2001;null
1,731;3,513;5/11/2001;null
1,732;3,514;5/21/2001;null
1,733;3,515;5/15/2001;null
1,734;3,516;5/14/2001;null
1,735;3,517;5/17/2001;null
1,736;3,518;5/21/2001;null
1,737;3,519;5/18/2001;null
1,738;3,520;2/12/2002;null
1,739;3,521;5/24/2001;null
1,740;3,522;5/17/2001;null
1,741;3,524;5/16/2001;null
1,742;3,525;5/21/2001;null
1,743;3,526;5/21/2001;null
1,744;3,527;5/16/2001;null
1,745;3,528;5/21/2001;null
1,746;3,529;5/21/2001;null
1,747;3,530;5/16/2001;null
1,748;3,532;5/21/2001;null
1,749;3,533;5/16/2001;null
1,750;3,535;5/15/2001;null
1,751;3,536;5/17/2001;null
1,752;3,537;5/17/2001;null
1,753;3,538;5/16/2001;null
1,754;3,539;5/14/2001;null
1,755;3,540;5/11/2001;null
1,756;3,541;5/18/2001;null
1,757;3,542;5/18/2001;null
1,758;3,543;5/21/2001;null
1,759;3,544;5/21/2001;null
1,760;3,545;5/17/2001;null
1,761;3,546;5/14/2001;null
1,762;3,547;5/21/2001;null
1,763;3,549;5/18/2001;null
1,764;3,550;5/15/2001;null
1,765;3,551;5/17/2001;null
1,766;3,552;5/14/2001;null
1,767;3,553;5/14/2001;null
1,768;3,554;5/15/2001;null
1,769;3,555;5/11/2001;null
1,770;3,556;5/14/2001;null
1,771;3,557;5/21/2001;null
1,772;3,558;5/16/2001;null
1,773;3,559;5/14/2001;null
1,774;3,560;5/14/2001;null
1,775;3,561;5/18/2001;null
1,776;3,562;5/14/2001;null
1,777;3,563;5/11/2001;null
1,778;3,564;5/9/2001;null
1,779;3,565;5/11/2001;null
1,780;3,566;5/21/2001;null
1,781;3,567;5/21/2001;null
1,782;3,568;5/24/2001;null
1,783;3,569;5/18/2001;null
1,784;3,570;5/16/2001;null
1,785;3,571;5/17/2001;null
1,786;3,573;5/16/2001;null
1,787;3,574;5/21/2001;null
1,788;3,575;5/21/2001;null
1,789;3,576;5/21/2001;null
1,790;3,577;5/18/2001;null
1,791;3,578;5/14/2001;null
1,792;3,579;5/14/2001;null
1,793;3,580;5/17/2001;null
1,794;3,581;5/16/2001;null
1,795;3,582;5/16/2001;null
1,796;3,583;5/21/2001;null
1,797;3,584;5/16/2001;null
1,798;3,585;5/21/2001;null
1,799;3,586;5/21/2001;null
1,800;3,587;5/21/2001;null
1,801;3,588;5/16/2001;null
1,802;3,589;5/14/2001;null
1,803;3,590;5/16/2001;null
1,804;3,591;5/21/2001;null
1,805;3,592;5/21/2001;null
1,806;3,593;5/23/2001;null
1,807;3,594;5/15/2001;null
1,808;3,595;5/18/2001;null
1,809;3,596;5/7/2001;null
1,810;3,597;5/21/2001;null
1,811;3,598;5/14/2001;null
1,812;3,599;6/12/2001;null
1,813;3,600;5/14/2001;null
1,814;3,601;5/11/2001;null
1,815;3,602;5/22/2001;null
1,816;3,603;5/18/2001;null
1,817;3,604;5/17/2001;null
1,818;3,605;6/18/2001;null
1,819;3,606;5/17/2001;null
1,820;3,607;5/15/2001;null
1,821;3,608;5/18/2001;null
1,822;3,609;5/11/2001;null
1,823;3,610;6/15/2001;null
1,824;3,611;5/15/2001;null
1,825;3,612;5/16/2001;null
1,826;3,613;5/15/2001;null
1,827;3,614;5/7/2001;null
1,828;3,615;5/16/2001;null
1,829;3,616;5/21/2001;null
1,830;3,617;5/14/2001;null
1,831;3,618;5/22/2001;null
1,832;3,619;5/15/2001;null
1,833;3,620;5/22/2001;null
1,834;3,621;9/3/2001;null
1,835;3,622;5/7/2001;null
1,836;3,623;5/18/2001;null
1,837;3,624;5/17/2001;null
1,838;3,625;9/6/2001;null
1,839;3,626;5/17/2001;null
1,840;3,627;5/22/2001;null
1,841;3,628;5/17/2001;null
1,842;3,629;5/21/2001;null
1,843;3,630;5/17/2001;null
1,844;3,631;5/18/2001;null
1,845;3,632;5/17/2001;null
1,846;3,633;5/15/2001;null
1,847;3,634;5/21/2001;null
1,848;3,635;5/15/2001;null
1,849;3,636;5/15/2001;null
1,850;3,637;5/16/2001;null
1,851;3,638;5/7/2001;null
1,852;3,639;5/24/2001;null
1,853;3,640;5/22/2001;null
1,854;3,642;5/15/2001;null
1,855;3,643;5/22/2001;null
1,856;3,644;5/18/2001;null
1,857;3,645;5/18/2001;null
1,858;3,646;5/18/2001;null
1,859;3,647;5/15/2001;null
1,860;3,648;5/21/2001;null
1,861;3,649;5/21/2001;null
1,862;3,650;6/10/2002;null
1,863;3,651;5/17/2001;null
1,864;3,652;5/18/2001;null
1,865;3,653;5/15/2001;null
1,866;3,654;5/21/2001;null
1,867;3,655;5/15/2001;null
1,868;3,656;5/18/2001;null
1,869;3,657;5/18/2001;null
1,870;3,658;5/14/2001;null
1,871;3,659;5/18/2001;null
1,872;3,660;5/18/2001;null
1,873;3,661;8/16/2002;null
1,874;3,662;5/16/2001;null
1,875;3,663;5/21/2001;null
1,876;3,664;5/15/2001;null
1,877;3,665;5/17/2001;null
1,878;3,666;5/18/2001;null
1,879;3,667;5/18/2001;null
1,880;3,668;5/21/2001;null
1,881;3,669;5/11/2001;null
1,882;3,670;5/23/2001;null
1,883;3,671;5/14/2001;null
1,884;3,672;3/13/2002;null
1,885;3,673;5/15/2001;null
1,886;3,674;5/22/2001;null
1,887;3,675;5/17/2001;null
1,888;3,676;5/11/2001;null
1,889;3,677;5/23/2001;null
1,890;3,678;5/17/2001;null
1,891;3,679;5/17/2001;null
1,892;3,680;5/22/2001;null
1,893;3,681;5/21/2001;null
1,894;3,682;5/14/2001;null
1,895;3,683;5/21/2001;null
1,896;3,684;5/21/2001;null
1,897;3,685;5/22/2001;null
1,898;3,686;5/22/2001;null
1,899;3,687;5/22/2001;null
1,900;3,688;5/15/2001;null
1,901;3,689;5/14/2001;null
1,902;3,690;5/21/2001;null
1,903;3,691;6/21/2001;null
1,904;3,692;5/15/2001;null
1,905;3,693;5/21/2001;null
1,906;3,694;5/17/2001;null
1,907;3,695;5/18/2001;null
1,908;3,696;5/15/2001;null
1,909;3,697;5/21/2001;null
1,910;3,698;5/21/2001;null
1,911;3,699;5/21/2001;null
1,912;3,700;5/11/2001;null
1,913;3,701;5/21/2001;null
1,914;3,702;5/14/2001;null
1,915;3,703;6/21/2001;null
1,916;3,704;5/21/2001;null
1,917;3,705;5/14/2001;null
1,918;3,706;5/22/2001;null
1,919;3,707;5/24/2001;null
1,920;3,708;5/22/2001;null
1,921;3,709;5/21/2001;null
1,922;3,710;5/21/2001;null
1,923;3,711;5/21/2001;null
1,924;3,712;5/15/2001;null
1,925;3,713;5/18/2001;null
1,926;3,714;5/16/2001;null
1,927;3,715;5/22/2001;null
1,928;3,716;5/15/2001;null
1,929;3,717;5/17/2001;null
1,930;3,718;5/22/2001;null
1,931;3,719;5/17/2001;null
1,932;3,720;5/17/2001;null
1,933;3,721;5/17/2001;null
1,934;3,722;5/14/2001;null
1,935;3,723;5/17/2001;null
1,936;3,724;5/16/2001;null
1,937;3,725;5/17/2001;null
1,938;3,726;5/15/2001;null
1,939;3,727;5/16/2001;null
1,940;3,728;5/15/2001;null
1,941;3,729;5/18/2001;null
1,942;3,730;5/21/2001;null
1,943;3,731;5/14/2001;null
1,944;3,732;5/14/2001;null
1,945;3,733;5/18/2001;null
1,946;3,734;5/18/2001;null
1,947;3,735;5/22/2001;null
1,948;3,736;5/21/2001;null
1,949;3,737;5/22/2001;null
1,950;3,738;5/21/2001;null
1,951;3,739;5/14/2001;null
1,952;3,740;5/17/2001;null
1,953;3,741;5/21/2001;null
1,954;3,742;5/21/2001;null
1,955;3,743;5/21/2001;null
1,956;3,744;5/21/2001;null
1,957;3,746;5/14/2001;null
1,958;3,747;5/15/2001;null
1,959;3,748;5/15/2001;null
1,960;3,749;5/15/2001;null
1,961;3,750;5/17/2001;null
1,962;3,751;5/18/2001;null
1,963;3,752;5/21/2001;null
1,964;3,753;5/17/2001;null
1,965;3,754;5/15/2001;null
1,966;3,755;5/18/2001;null
1,967;3,756;5/18/2001;null
1,968;3,757;5/14/2001;null
1,969;3,758;5/22/2001;null
1,970;3,759;5/21/2001;null
1,971;3,760;5/18/2001;null
1,972;3,761;5/17/2001;null
1,973;3,762;5/18/2001;null
1,974;3,763;5/15/2001;null
1,975;3,764;5/14/2001;null
1,976;3,765;5/14/2001;null
1,977;3,766;5/18/2001;null
1,978;3,767;5/17/2001;null
1,979;3,769;5/18/2001;null
1,980;3,770;5/14/2001;null
1,981;3,771;5/18/2001;null
1,982;3,772;5/21/2001;null
1,983;3,773;5/18/2001;null
1,984;3,774;5/17/2001;null
1,985;3,775;5/21/2001;null
1,986;3,776;5/7/2001;null
1,987;3,777;5/18/2001;null
1,988;3,778;5/16/2001;null
1,989;3,779;5/21/2001;null
1,990;3,780;5/18/2001;null
1,991;3,781;5/17/2001;null
1,992;3,783;5/17/2001;null
1,993;3,784;5/18/2001;null
1,994;3,785;5/7/2001;null
1,995;3,786;5/22/2001;null
1,996;3,787;5/17/2001;null
1,997;3,788;5/17/2001;null
1,998;3,789;5/11/2001;null
1,999;3,790;5/7/2001;null
2,000;3,791;5/14/2001;null
2,001;3,792;5/23/2001;null
2,002;3,793;5/18/2001;null
2,003;3,794;5/18/2001;null
2,004;3,795;5/18/2001;null
2,005;3,796;5/15/2001;null
2,006;3,797;5/14/2001;null
2,007;3,799;5/15/2001;null
2,008;3,800;5/11/2001;null
2,009;3,801;5/21/2001;null
2,010;3,802;5/14/2001;null
2,011;3,803;5/21/2001;null
2,012;3,804;5/15/2001;null
2,013;3,805;5/11/2001;null
2,014;3,806;5/18/2001;null
2,015;3,807;5/14/2001;null
2,016;3,808;5/11/2001;null
2,017;3,809;5/18/2001;null
2,018;3,810;5/16/2001;null
2,019;3,811;5/18/2001;null
2,020;3,812;5/11/2001;null
2,021;3,813;6/13/2001;null
2,022;3,814;6/13/2001;null
2,023;3,815;7/26/2001;null
2,024;3,816;7/20/2001;null
2,025;3,817;8/22/2001;null
2,026;3,818;1/29/2002;null
2,027;3,819;1/28/2002;null
2,028;3,820;1/10/2002;null
2,029;3,821;1/10/2002;null
2,030;3,822;10/17/2002;null
2,031;3,823;1/28/2002;null
2,032;3,824;1/24/2002;null
2,033;3,825;1/28/2002;null
2,034;3,826;12/16/2002;null
2,035;3,827;7/13/2005;null
2,036;3,828;8/28/2002;null
2,037;3,829;9/24/2002;null
2,038;3,830;10/11/2002;null
2,039;3,831;10/22/2002;null
2,040;3,832;10/14/2002;null
2,041;3,833;10/30/2002;null
2,042;3,834;11/15/2002;null
2,043;3,835;11/15/2002;null
2,044;3,836;12/9/2002;null
2,045;3,837;12/9/2002;null
2,046;3,838;1/14/2003;null
2,047;3,839;12/9/2002;null
2,048;3,840;12/9/2002;null
2,049;3,841;1/23/2003;null
2,050;3,842;1/22/2003;null
2,051;3,843;1/14/2003;null
2,052;3,844;3/20/2003;null
2,053;3,845;3/26/2003;null
2,054;3,846;3/26/2003;null
2,055;3,847;4/15/2003;null
2,056;3,848;3/20/2003;null
2,057;3,849;3/20/2003;null
2,058;3,850;3/20/2003;null
2,059;3,851;5/12/2003;null
2,060;3,852;7/1/2005;null
2,061;3,853;5/2/2003;null
2,062;3,854;5/12/2003;null
2,063;3,855;5/22/2003;null
2,064;3,856;6/3/2003;null
2,065;3,857;6/9/2003;null
2,066;3,858;6/4/2003;null
2,067;3,859;5/31/2004;null
2,068;3,860;8/14/2003;null
2,069;3,861;8/28/2003;null
2,070;3,862;11/14/2003;null
2,071;3,863;11/25/2003;null
2,072;3,864;5/26/2004;null
2,073;3,865;4/26/2004;null
2,074;3,866;1/19/2004;null
2,075;3,867;5/31/2004;null
2,076;3,868;5/10/2004;null
2,077;3,869;9/8/2004;null
2,078;3,870;3/19/2004;null
2,079;3,871;5/31/2004;null
2,080;3,872;6/14/2004;null
2,081;3,873;5/16/2005;null
2,082;3,874;6/21/2004;null
2,083;3,875;10/12/2004;null
2,084;3,876;8/30/2004;null
2,085;3,877;10/28/2004;null
2,086;3,878;10/6/2004;null
2,087;3,879;5/4/2005;null
2,088;3,880;7/12/2005;null
2,089;3,881;1/3/2005;null
2,090;3,882;5/6/2005;null
2,091;3,883;2/7/2005;null
2,092;3,884;2/9/2005;null
2,093;3,885;6/14/2005;null
2,094;3,886;7/4/2005;null
2,095;3,887;8/3/2005;null
2,096;3,888;9/5/2005;null
2,097;3,889;11/3/2005;null
2,098;3,890;10/10/2005;null
2,099;3,891;9/23/2005;null
2,100;3,892;9/20/2005;null
2,101;3,893;9/14/2005;null
2,102;3,894;10/3/2005;null
2,103;3,895;10/17/2005;null
2,104;3,896;10/24/2005;null
2,105;3,897;3/15/2006;null
2,106;3,898;2/20/2006;null
2,107;3,899;3/28/2006;null
2,108;3,900;5/3/2006;null
2,109;3,901;7/14/2006;null
2,110;3,902;8/2/2006;null
2,111;3,903;8/17/2006;null
2,112;3,904;11/9/2006;null
2,113;3,905;10/20/2006;null
2,114;3,906;8/17/2006;null
2,115;3,907;8/30/2006;null
2,116;3,908;8/30/2006;null
2,117;3,909;10/2/2006;null
2,118;3,910;10/3/2006;null
2,119;3,911;11/13/2006;null
2,120;3,912;10/20/2006;null
2,121;3,913;11/30/2006;null
2,122;3,914;12/14/2006;null
2,123;3,915;3/9/2007;null
2,124;3,916;1/9/2007;null
2,125;3,917;1/11/2007;null
2,126;3,918;1/10/2007;null
2,127;3,919;4/9/2007;null
2,128;3,920;3/23/2007;null
2,129;3,921;4/30/2007;null
2,130;3,922;5/15/2007;null
2,131;3,923;5/25/2007;null
2,132;3,924;5/21/2007;null
2,133;3,925;6/6/2007;null
2,134;3,926;7/23/2007;null
2,135;3,927;9/7/2007;null
2,136;3,928;10/2/2007;null
2,137;3,929;8/21/2007;null
2,138;3,930;10/26/2007;null
2,139;3,931;10/4/2007;null
2,140;3,932;12/10/2007;null
2,141;3,933;1/28/2008;null
2,142;3,934;2/8/2008;null
2,143;3,935;3/25/2008;null
2,144;3,936;5/12/2008;null
2,145;3,937;4/21/2008;null
2,146;3,938;5/19/2008;null
2,147;3,939;5/19/2008;null
2,148;3,940;6/13/2008;null
2,149;3,941;7/1/2008;null
2,150;3,942;7/16/2008;null
2,151;3,943;7/16/2008;null
2,152;3,944;6/27/2008;null
2,153;3,945;7/4/2008;null
2,154;3,946;7/28/2008;null
2,155;3,947;8/20/2008;null
2,156;3,948;8/4/2008;null
2,157;3,949;9/19/2008;null
2,158;3,950;8/25/2008;null
2,159;3,951;9/5/2008;null
2,160;3,952;10/16/2008;null
2,161;3,953;9/25/2008;null
2,162;3,954;11/3/2008;null
2,163;3,955;10/20/2008;null
2,164;3,956;11/6/2008;null
2,165;3,957;10/7/2008;null
2,166;3,958;2/3/2009;null
2,167;3,959;10/30/2008;null
2,168;3,960;11/3/2008;null
2,169;3,961;12/11/2008;null
2,170;3,962;4/1/2009;null
2,171;3,963;3/25/2009;null
2,172;3,964;5/15/2009;null
2,173;3,965;6/16/2009;null
2,174;3,966;5/14/2009;null
2,175;3,967;5/12/2009;null
2,176;3,968;6/8/2009;null
2,177;3,969;6/17/2009;null
2,178;3,970;7/1/2009;null
2,179;3,971;7/14/2009;null
2,180;3,972;6/25/2009;null
2,181;3,973;10/5/2009;null
2,182;3,974;9/22/2009;null
2,183;3,975;9/17/2009;null
2,184;3,976;1/29/2010;null
2,185;3,977;10/21/2009;null
2,186;3,978;11/17/2009;null
2,187;3,979;1/11/2010;null
2,188;3,980;3/12/2010;null
2,189;3,981;3/10/2010;null
2,190;3,982;4/23/2010;null
2,191;3,983;4/29/2010;null
2,192;3,984;4/29/2010;null
2,193;3,985;9/21/2010;null
2,194;3,986;9/13/2010;null
2,195;3,987;10/1/2010;null
2,196;3,988;10/20/2010;null
2,197;3,989;11/22/2010;null
2,198;3,990;10/19/2010;null
2,199;3,991;10/21/2010;null
2,200;3,992;10/11/2010;null
2,201;3,993;12/1/2010;null
2,202;3,994;12/1/2010;null
2,203;3,995;1/13/2011;null
2,204;3,996;1/7/2011;null
2,205;3,997;1/27/2011;null
2,206;3,998;1/26/2011;null
2,207;3,999;2/15/2011;null
2,208;4,001;12/21/2001;null
2,209;4,002;1/2/2002;null
2,210;4,003;12/21/2001;null
2,211;4,004;12/21/2001;null
2,212;4,005;12/21/2001;null
2,213;4,006;12/21/2001;null
2,214;4,007;12/21/2001;null
2,215;4,008;12/21/2001;null
2,216;4,009;12/21/2001;null
2,217;4,011;8/27/2002;null
2,218;4,012;12/21/2001;null
2,219;4,013;12/21/2001;null
2,220;4,014;12/21/2001;null
2,221;4,015;12/21/2001;null
2,222;4,016;12/21/2001;null
2,223;4,017;12/21/2001;null
2,224;4,018;12/31/2001;null
2,225;4,019;12/21/2001;null
2,226;4,020;8/22/2002;null
2,227;4,021;12/21/2001;null
2,228;4,022;12/21/2001;null
2,229;4,023;12/21/2001;null
2,230;4,024;12/21/2001;null
2,231;4,025;1/2/2002;null
2,232;4,026;12/21/2001;null
2,233;4,027;12/21/2001;null
2,234;4,028;4/7/2004;null
2,235;4,029;1/2/2002;null
2,236;4,030;1/2/2002;null
2,237;4,031;1/2/2002;null
2,238;4,032;1/2/2002;null
2,239;4,033;12/21/2001;null
2,240;4,035;1/2/2002;null
2,241;4,036;12/21/2001;null
2,242;4,037;1/2/2002;null
2,243;4,038;1/2/2002;null
2,244;4,039;1/2/2002;null
2,245;4,040;8/20/2002;null
2,246;4,041;10/15/2002;null
2,247;4,042;1/2/2002;null
2,248;4,043;1/2/2002;null
2,249;4,044;1/2/2002;null
2,250;4,045;1/2/2002;null
2,251;4,046;8/26/2002;null
2,252;4,047;1/2/2002;null
2,253;4,048;1/2/2002;null
2,254;4,049;8/12/2002;null
2,255;4,050;12/21/2001;null
2,256;4,052;1/2/2002;null
2,257;4,054;10/31/2002;null
2,258;4,055;8/19/2002;null
2,259;4,056;8/26/2002;null
2,260;4,057;7/25/2002;null
2,261;4,058;1/2/2002;null
2,262;4,059;1/2/2002;null
2,263;4,060;8/26/2002;null
2,264;4,061;8/20/2002;null
2,265;4,063;12/31/2001;null
2,266;4,064;1/2/2002;null
2,267;4,066;12/31/2001;null
2,268;4,067;12/21/2001;null
2,269;4,068;10/17/2002;null
2,270;4,069;1/2/2002;null
2,271;4,070;10/10/2002;null
2,272;4,071;5/19/2004;null
2,273;4,072;5/19/2004;null
2,274;4,073;8/21/2002;null
2,275;4,074;5/14/2003;null
2,276;4,075;5/30/2003;null
2,277;4,076;11/14/2003;null
2,278;4,078;5/19/2004;null
2,279;4,079;6/28/2004;null
2,280;4,080;7/6/2004;null
2,281;4,081;8/11/2004;null
2,282;4,082;7/23/2004;null
2,283;4,083;4/5/2005;null
2,284;4,084;9/5/2005;null
2,285;4,085;2/15/2008;null
2,286;4,086;4/24/2012;null
2,287;4,087;12/21/2011;null
2,288;4,088;5/29/2012;null
2,289;4,089;3/14/2005;null
2,290;4,090;6/21/2005;null
2,291;4,091;6/7/2006;null
2,292;4,092;7/4/2006;null
2,293;4,093;11/8/2006;null
2,294;4,094;5/3/2007;null
2,295;4,095;3/13/2007;null
2,296;4,096;8/22/2007;null
2,297;4,098;1/31/2008;null
2,298;4,099;6/11/2008;null
2,299;4,100;8/27/2008;null
2,300;4,101;7/1/2010;null
2,301;4,102;6/29/2010;null
2,302;4,103;7/26/2010;null
2,303;4,104;12/1/2010;null
2,304;4,105;6/13/2011;null
2,305;4,106;9/21/2011;null
2,306;4,107;9/17/2012;null
2,307;4,108;10/23/2012;null
2,308;4,109;4/26/2013;null
2,309;4,110;3/7/2013;null
2,310;4,111;7/23/2013;null
2,311;4,112;9/5/2013;null
2,312;4,113;11/4/2013;null
2,313;4,114;4/10/2014;null
2,314;4,115;5/16/2014;null
2,315;4,116;6/22/2016;null
2,316;4,117;7/6/2015;null
2,317;5,001;1/1/2001;null
2,318;5,002;8/22/2002;null
2,319;5,003;1/1/2001;null
2,320;5,004;1/1/2001;null
2,321;5,005;1/1/2001;null
2,322;5,006;1/1/2001;null
2,323;5,007;1/1/2001;null
2,324;5,008;1/1/2001;null
2,325;5,009;1/1/2001;null
2,326;5,010;1/1/2001;null
2,327;5,011;1/1/2001;null
2,328;5,012;1/1/2001;null
2,329;5,013;8/22/2002;null
2,330;5,014;1/1/2001;null
2,331;5,015;8/22/2002;null
2,332;5,016;1/1/2001;null
2,333;5,017;1/1/2001;null
2,334;5,018;1/1/2001;null
2,335;5,019;1/1/2001;null
2,336;5,020;1/1/2001;null
2,337;5,021;1/1/2001;null
2,338;5,022;1/1/2001;null
2,339;5,023;1/1/2001;null
2,340;5,024;1/1/2001;null
2,341;5,025;1/1/2001;null
2,342;5,026;1/1/2001;null
2,343;5,027;1/1/2001;null
2,344;5,028;1/1/2001;null
2,345;5,029;1/1/2001;null
2,346;5,030;1/1/2001;null
2,347;5,031;1/1/2001;null
2,348;5,032;1/1/2001;null
2,349;5,033;1/1/2001;null
2,350;5,034;1/1/2001;null
2,351;5,035;1/1/2001;null
2,352;5,036;1/1/2001;null
2,353;5,037;1/1/2001;null
2,354;5,038;1/1/2001;null
2,355;5,039;1/1/2001;null
2,356;5,040;1/1/2001;null
2,357;5,041;1/1/2001;null
2,358;5,042;1/1/2001;null
2,359;5,043;1/1/2001;null
2,360;5,044;1/1/2001;null
2,361;5,045;1/1/2001;null
2,362;5,046;1/1/2001;null
2,363;5,047;1/1/2001;null
2,364;5,048;1/1/2001;null
2,365;5,049;1/1/2001;null
2,366;5,050;1/1/2001;null
2,367;5,051;1/1/2001;null
2,368;5,052;1/1/2001;null
2,369;5,053;1/1/2001;null
2,370;5,054;1/1/2001;null
2,371;5,055;1/1/2001;null
2,372;5,056;1/1/2001;null
2,373;5,057;1/1/2001;null
2,374;5,058;1/1/2001;null
2,375;5,059;1/1/2001;null
2,376;5,060;1/1/2001;null
2,377;5,061;1/1/2001;null
2,378;5,062;1/1/2001;null
2,379;5,063;1/1/2001;null
2,380;5,064;1/1/2001;null
2,381;5,065;1/1/2001;null
2,382;5,066;1/1/2001;null
2,383;5,067;1/1/2001;null
2,384;5,068;1/1/2001;null
2,385;5,069;4/13/2004;null
2,386;5,070;1/1/2001;null
2,387;5,071;1/1/2001;null
2,388;5,072;1/1/2001;null
2,389;5,073;1/1/2001;null
2,390;5,074;1/1/2001;null
2,391;5,075;1/1/2001;null
2,392;5,076;1/1/2001;null
2,393;5,077;1/1/2001;null
2,394;5,078;1/1/2001;null
2,395;5,079;1/1/2001;null
2,396;5,080;1/1/2001;null
2,397;5,081;1/1/2001;null
2,398;5,082;1/1/2001;null
2,399;5,083;1/1/2001;null
2,400;5,084;1/1/2001;null
2,401;5,085;1/1/2001;null
2,402;5,086;1/1/2001;null
2,403;5,087;1/1/2001;null
2,404;5,088;1/1/2001;null
2,405;5,089;1/1/2001;null
2,406;5,090;1/1/2001;null
2,407;5,091;1/1/2001;null
2,408;5,092;1/1/2001;null
2,409;5,093;1/1/2001;null
2,410;5,094;1/1/2001;null
2,411;5,095;1/1/2001;null
2,412;5,096;1/1/2001;null
2,413;5,098;1/1/2001;null
2,414;5,099;1/1/2001;null
2,415;5,100;1/1/2001;null
2,416;5,101;1/1/2001;null
2,417;5,102;1/1/2001;null
2,418;5,103;1/1/2001;null
2,419;5,104;1/1/2001;null
2,420;5,105;1/1/2001;null
2,421;5,106;1/1/2001;null
2,422;5,107;1/1/2001;null
2,423;5,108;1/1/2001;null
2,424;5,109;1/1/2001;null
2,425;5,110;1/1/2001;null
2,426;5,111;1/1/2001;null
2,427;5,112;1/1/2001;null
2,428;5,113;1/1/2001;null
2,429;5,114;1/1/2001;null
2,430;5,115;1/1/2001;null
2,431;5,116;1/1/2001;null
2,432;5,117;1/1/2001;null
2,433;5,118;1/1/2001;null
2,434;5,119;1/1/2001;null
2,435;5,120;1/1/2001;null
2,436;5,121;1/1/2001;null
2,437;5,122;1/1/2001;null
2,438;5,123;1/1/2001;null
2,439;5,124;1/1/2001;null
2,440;5,125;1/1/2001;null
2,441;5,126;1/1/2001;null
2,442;5,127;1/1/2001;null
2,443;5,128;1/1/2001;null
2,444;5,129;1/1/2001;null
2,445;5,130;8/8/2002;null
2,446;5,131;1/1/2001;null
2,447;5,132;1/1/2001;null
2,448;5,133;1/1/2001;null
2,449;5,134;1/1/2001;null
2,450;5,135;1/1/2001;null
2,451;5,136;1/1/2001;null
2,452;5,137;1/1/2001;null
2,453;5,138;1/1/2001;null
2,454;5,139;1/1/2001;null
2,455;5,140;1/1/2001;null
2,456;5,141;1/1/2001;null
2,457;5,142;1/1/2001;null
2,458;5,143;1/1/2001;null
2,459;5,148;1/1/2001;null
2,460;5,149;1/1/2001;null
2,461;5,150;1/1/2001;null
2,462;5,151;1/1/2001;null
2,463;5,152;1/1/2001;null
2,464;5,153;1/1/2001;null
2,465;5,154;1/1/2001;null
2,466;5,155;1/1/2001;null
2,467;5,156;1/1/2001;null
2,468;5,157;1/1/2001;null
2,469;5,158;1/1/2001;null
2,470;5,159;1/1/2001;null
2,471;5,160;1/1/2001;null
2,472;5,161;1/1/2001;null
2,473;5,162;1/1/2001;null
2,474;5,163;1/1/2001;null
2,475;5,164;1/1/2001;null
2,476;5,165;1/1/2001;null
2,477;5,166;1/1/2001;null
2,478;5,167;1/1/2001;null
2,479;5,168;1/1/2001;null
2,480;5,170;1/1/2001;null
2,481;5,171;1/1/2001;null
2,482;5,172;1/1/2001;null
2,483;5,173;1/1/2001;null
2,484;5,174;1/1/2001;null
2,485;5,175;1/1/2001;null
2,486;5,176;1/1/2001;null
2,487;5,177;1/1/2001;null
2,488;5,178;1/1/2001;null
2,489;5,179;1/1/2001;null
2,490;5,180;1/1/2001;null
2,491;5,181;1/1/2001;null
2,492;5,182;1/1/2001;null
2,493;5,183;1/1/2001;null
2,494;5,184;1/1/2001;null
2,495;5,185;1/1/2001;null
2,496;5,186;1/1/2001;null
2,497;5,187;1/1/2001;null
2,498;5,188;1/1/2001;null
2,499;5,189;1/1/2001;null
2,500;5,190;1/1/2001;null
2,501;5,191;1/1/2001;null
2,502;5,192;1/1/2001;null
2,503;5,193;1/1/2001;null
2,504;5,194;1/1/2001;null
2,505;5,195;1/1/2001;null
2,506;5,196;1/1/2001;null
2,507;5,197;1/1/2001;null
2,508;5,198;1/1/2001;null
2,509;5,199;1/1/2001;null
2,510;5,200;1/1/2001;null
2,511;5,201;1/1/2001;null
2,512;5,202;1/1/2001;null
2,513;5,203;1/1/2001;null
2,514;5,204;1/1/2001;null
2,515;5,205;1/1/2001;null
2,516;5,206;1/1/2001;null
2,517;5,207;1/1/2001;null
2,518;5,208;1/1/2001;null
2,519;5,209;1/1/2001;null
2,520;5,210;1/1/2001;null
2,521;5,211;1/1/2001;null
2,522;5,212;1/1/2001;null
2,523;5,213;1/1/2001;null
2,524;5,214;1/1/2001;null
2,525;5,215;1/1/2001;null
2,526;5,216;1/1/2001;null
2,527;5,217;1/1/2001;null
2,528;5,218;1/1/2001;null
2,529;5,219;1/1/2001;null
2,530;5,220;1/1/2001;null
2,531;5,221;1/1/2001;null
2,532;5,222;1/1/2001;null
2,533;5,223;1/1/2001;null
2,534;5,224;1/1/2001;null
2,535;5,225;1/1/2001;null
2,536;5,226;1/1/2001;null
2,537;5,227;1/1/2001;null
2,538;5,228;1/1/2001;null
2,539;5,229;1/1/2001;null
2,540;5,230;1/1/2001;null
2,541;5,231;1/1/2001;null
2,542;5,233;1/1/2001;null
2,543;5,234;1/1/2001;null
2,544;5,235;1/1/2001;null
2,545;5,236;1/1/2001;null
2,546;5,237;1/1/2001;null
2,547;5,238;1/1/2001;null
2,548;5,239;1/1/2001;null
2,549;5,240;4/15/2004;null
2,550;5,241;1/1/2001;null
2,551;5,242;1/1/2001;null
2,552;5,243;12/31/2001;null
2,553;5,244;1/1/2001;null
2,554;5,245;1/1/2001;null
2,555;5,246;1/1/2001;null
2,556;5,247;1/1/2001;null
2,557;5,248;1/1/2001;null
2,558;5,249;1/1/2001;null
2,559;5,250;1/1/2001;null
2,560;5,251;1/1/2001;null
2,561;5,252;1/1/2001;null
2,562;5,253;8/22/2002;null
2,563;5,254;8/23/2002;null
2,564;5,255;8/23/2002;null
2,565;5,256;1/1/2001;null
2,566;5,257;1/1/2001;null
2,567;5,258;1/1/2001;null
2,568;5,259;1/1/2001;null
2,569;5,260;1/1/2001;null
2,570;5,261;8/20/2002;null
2,571;5,262;1/1/2001;null
2,572;5,263;8/23/2002;null
2,573;5,264;8/23/2002;null
2,574;5,265;1/1/2001;null
2,575;5,266;8/23/2002;null
2,576;5,267;8/8/2002;null
2,577;5,268;1/1/2001;null
2,578;5,269;1/1/2001;null
2,579;5,270;1/1/2001;null
2,580;5,271;5/27/2002;null
2,581;5,272;8/23/2002;null
2,582;5,273;8/23/2002;null
2,583;5,274;8/28/2002;null
2,584;5,275;10/15/2002;null
2,585;5,276;8/23/2002;null
2,586;5,277;1/1/2001;null
2,587;5,278;8/20/2013;null
2,588;5,280;9/6/2013;null
2,589;5,281;8/8/2002;null
2,590;5,282;1/1/2001;null
2,591;5,283;8/8/2002;null
2,592;5,284;1/1/2001;null
2,593;5,286;1/1/2001;null
2,594;5,287;1/1/2001;null
2,595;5,288;8/9/2002;null
2,596;5,289;8/23/2002;null
2,597;5,290;1/2/2002;null
2,598;5,291;8/23/2002;null
2,599;5,292;8/23/2002;null
2,600;5,293;8/28/2002;null
2,601;5,294;1/1/2001;null
2,602;5,295;1/1/2001;null
2,603;5,296;1/1/2001;null
2,604;5,297;1/1/2001;null
2,605;5,298;1/1/2001;null
2,606;5,299;8/23/2002;null
2,607;5,300;1/1/2001;null
2,608;5,302;1/1/2001;null
2,609;5,303;8/23/2002;null
2,610;5,304;1/2/2002;null
2,611;5,305;8/23/2002;null
2,612;5,307;1/1/2001;null
2,613;5,308;1/1/2001;null
2,614;5,309;8/8/2002;null
2,615;5,310;8/23/2002;null
2,616;5,311;1/1/2001;null
2,617;5,312;1/1/2001;null
2,618;5,313;1/1/2001;null
2,619;5,314;8/23/2002;null
2,620;5,315;1/1/2001;null
2,621;5,316;1/1/2001;null
2,622;5,317;1/1/2001;null
2,623;5,318;8/21/2002;null
2,624;5,319;1/1/2001;null
2,625;5,320;1/1/2001;null
2,626;5,321;8/14/2002;null
2,627;5,322;8/27/2002;null
2,628;5,323;1/1/2001;null
2,629;5,324;1/1/2001;null
2,630;5,325;1/1/2001;null
2,631;5,326;1/1/2001;null
2,632;5,327;10/17/2002;null
2,633;5,328;8/20/2002;null
2,634;5,330;1/1/2001;null
2,635;5,331;8/26/2002;null
2,636;5,332;1/1/2001;null
2,637;5,333;8/26/2002;null
2,638;5,334;1/2/2002;null
2,639;5,335;8/27/2002;null
2,640;5,338;1/1/2001;null
2,641;5,339;1/1/2001;null
2,642;5,340;8/26/2002;null
2,643;5,341;1/1/2001;null
2,644;5,342;1/1/2001;null
2,645;5,343;8/26/2002;null
2,646;5,344;1/1/2001;null
2,647;5,345;1/1/2001;null
2,648;5,346;1/1/2001;null
2,649;5,348;1/1/2002;null
2,650;5,350;8/16/2002;null
2,651;5,351;8/23/2002;null
2,652;5,352;1/1/2001;null
2,653;5,353;1/2/2002;null
2,654;5,354;8/23/2002;null
2,655;5,355;8/23/2002;null
2,656;5,356;8/23/2002;null
2,657;5,357;8/23/2002;null
2,658;5,358;1/1/2001;null
2,659;5,359;1/1/2001;null
2,660;5,360;1/1/2001;null
2,661;5,361;1/1/2001;null
2,662;5,362;1/3/2002;null
2,663;5,363;8/23/2002;null
2,664;5,364;7/24/2002;null
2,665;5,365;8/23/2002;null
2,666;5,366;8/23/2002;null
2,667;5,367;1/1/2001;null
2,668;5,368;1/1/2001;null
2,669;5,369;1/1/2001;null
2,670;5,370;8/23/2002;null
2,671;5,371;8/23/2002;null
2,672;5,372;8/8/2002;null
2,673;5,373;10/15/2002;null
2,674;5,374;8/26/2002;null
2,675;5,375;1/1/2001;null
2,676;5,376;1/1/2001;null
2,677;5,377;1/1/2001;null
2,678;5,378;8/26/2002;null
2,679;5,379;1/1/2001;null
2,680;5,380;8/26/2002;null
2,681;5,381;8/26/2002;null
2,682;5,382;1/1/2001;null
2,683;5,383;1/1/2001;null
2,684;5,384;8/8/2002;null
2,685;5,385;1/1/2001;null
2,686;5,386;8/26/2002;null
2,687;5,387;8/26/2002;null
2,688;5,388;8/13/2002;null
2,689;5,389;1/1/2001;null
2,690;5,390;8/8/2002;null
2,691;5,391;1/1/2001;null
2,692;5,392;1/1/2001;null
2,693;5,393;8/26/2002;null
2,694;5,394;8/26/2002;null
2,695;5,395;8/26/2002;null
2,696;5,396;8/26/2002;null
2,697;5,397;8/26/2002;null
2,698;5,398;8/26/2002;null
2,699;5,399;1/1/2001;null
2,700;5,400;8/26/2002;null
2,701;5,401;1/1/2001;null
2,702;5,402;8/26/2002;null
2,703;5,403;1/1/2001;null
2,704;5,404;1/1/2001;null
2,705;5,405;1/1/2001;null
2,706;5,406;8/26/2002;null
2,707;5,407;1/1/2001;null
2,708;5,408;1/1/2001;null
2,709;5,409;1/1/2001;null
2,710;5,410;8/26/2002;null
2,711;5,411;1/1/2001;null
2,712;5,412;8/19/2002;null
2,713;5,413;1/1/2001;null
2,714;5,414;8/26/2002;null
2,715;5,415;8/26/2002;null
2,716;5,416;8/8/2002;null
2,717;5,417;8/27/2002;null
2,718;5,418;1/3/2002;null
2,719;5,419;1/1/2001;null
2,720;5,420;8/26/2002;null
2,721;5,421;1/1/2001;null
2,722;5,422;1/1/2001;null
2,723;5,423;1/3/2002;null
2,724;5,424;1/1/2001;null
2,725;5,425;8/23/2002;null
2,726;5,426;1/1/2001;null
2,727;5,427;1/1/2001;null
2,728;5,428;1/1/2001;null
2,729;5,429;1/1/2001;null
2,730;5,430;8/23/2002;null
2,731;5,431;1/1/2001;null
2,732;5,432;1/1/2001;null
2,733;5,433;8/26/2002;null
2,734;5,434;8/23/2002;null
2,735;5,435;1/1/2001;null
2,736;5,436;1/1/2001;null
2,737;5,437;1/1/2001;null
2,738;5,438;1/1/2001;null
2,739;5,439;8/27/2002;null
2,740;5,440;1/1/2001;null
2,741;5,441;1/1/2001;null
2,742;5,443;1/1/2001;null
2,743;5,444;1/1/2001;null
2,744;5,445;1/1/2001;null
2,745;5,446;1/1/2001;null
2,746;5,447;1/1/2001;null
2,747;5,448;1/2/2002;null
2,748;5,449;8/23/2002;null
2,749;5,450;12/31/2001;null
2,750;5,451;1/1/2001;null
2,751;5,452;8/26/2002;null
2,752;5,453;1/1/2001;null
2,753;5,454;8/23/2002;null
2,754;5,455;1/1/2001;null
2,755;5,456;1/1/2001;null
2,756;5,457;8/23/2002;null
2,757;5,458;1/1/2001;null
2,758;5,459;1/2/2002;null
2,759;5,460;8/28/2002;null
2,760;5,461;1/1/2001;null
2,761;5,462;1/1/2001;null
2,762;5,463;8/23/2002;null
2,763;5,464;8/23/2002;null
2,764;5,465;8/8/2002;null
2,765;5,466;1/1/2001;null
2,766;5,467;1/1/2001;null
2,767;5,468;1/1/2001;null
2,768;5,469;8/23/2002;null
2,769;5,471;1/1/2001;null
2,770;5,472;1/1/2001;null
2,771;5,473;1/1/2001;null
2,772;5,474;1/1/2001;null
2,773;5,475;1/1/2001;null
2,774;5,477;8/27/2002;null
2,775;5,478;6/4/2002;null
2,776;5,479;8/28/2002;null
2,777;5,480;8/27/2002;null
2,778;5,481;8/27/2002;null
2,779;5,482;5/24/2002;null
2,780;5,483;8/27/2002;null
2,781;5,484;8/27/2002;null
2,782;5,485;8/30/2002;null
2,783;5,486;5/23/2002;null
2,784;5,487;8/5/2008;null
2,785;5,488;8/30/2002;null
2,786;5,489;10/11/2002;null
2,787;5,490;9/11/2002;null
2,788;5,491;5/24/2002;null
2,789;5,492;5/23/2002;null
2,790;5,493;5/23/2002;null
2,791;5,494;5/23/2002;null
2,792;5,495;5/23/2002;null
2,793;5,496;5/28/2002;null
2,794;5,497;5/23/2002;null
2,795;5,498;5/23/2002;null
2,796;5,499;5/27/2002;null
2,797;5,500;5/27/2002;null
2,798;5,501;5/24/2002;null
2,799;5,502;8/27/2002;null
2,800;5,503;5/16/2002;null
2,801;5,504;5/27/2002;null
2,802;5,505;4/4/2003;null
2,803;5,506;5/24/2002;null
2,804;5,507;5/23/2002;null
2,805;5,508;10/2/2002;null
2,806;5,509;4/3/2003;null
2,807;5,510;9/23/2002;null
2,808;5,512;9/11/2002;null
2,809;5,513;3/31/2003;null
2,810;5,514;3/31/2003;null
2,811;5,515;3/31/2003;null
2,812;5,516;6/6/2003;null
2,813;5,517;7/18/2003;null
2,814;5,518;6/6/2003;null
2,815;5,519;9/25/2003;null
2,816;5,520;9/29/2003;null
2,817;5,521;9/26/2003;null
2,818;5,522;9/26/2003;null
2,819;5,523;9/29/2003;null
2,820;5,524;9/26/2003;null
2,821;5,525;10/23/2003;null
2,822;5,526;1/15/2004;null
2,823;5,527;3/9/2004;null
2,824;5,528;3/8/2004;null
2,825;5,529;3/8/2004;null
2,826;5,530;4/13/2004;null
2,827;5,531;6/14/2004;null
2,828;5,532;8/13/2004;null
2,829;5,533;7/28/2004;null
2,830;5,534;1/24/2005;null
2,831;5,535;1/21/2005;null
2,832;5,536;2/1/2005;null
2,833;5,537;2/16/2005;null
2,834;5,538;3/22/2005;null
2,835;5,539;4/15/2005;null
2,836;5,540;5/2/2005;null
2,837;5,541;5/2/2005;null
2,838;5,542;10/6/2005;null
2,839;5,543;2/27/2006;null
2,840;5,544;3/9/2006;null
2,841;5,545;4/10/2006;null
2,842;5,546;7/3/2006;null
2,843;5,547;6/30/2006;null
2,844;5,548;7/3/2006;null
2,845;5,549;7/3/2006;null
2,846;5,550;8/31/2006;null
2,847;5,551;9/20/2006;null
2,848;5,552;9/26/2006;null
2,849;5,553;11/1/2006;null
2,850;5,554;10/26/2006;null
2,851;5,555;11/6/2006;null
2,852;5,556;4/4/2007;null
2,853;5,557;12/8/2006;null
2,854;5,558;12/15/2006;null
2,855;5,559;2/26/2007;null
2,856;5,560;2/26/2007;null
2,857;5,561;2/26/2007;null
2,858;5,562;2/26/2007;null
2,859;5,563;2/26/2007;null
2,860;5,564;2/27/2007;null
2,861;5,565;4/13/2007;null
2,862;5,566;4/4/2007;null
2,863;5,567;5/30/2007;null
2,864;5,568;8/7/2007;null
2,865;5,569;7/17/2007;null
2,866;5,570;8/7/2007;null
2,867;5,571;10/19/2007;null
2,868;5,572;8/21/2007;null
2,869;5,573;9/14/2007;null
2,870;5,574;9/11/2007;null
2,871;5,575;10/16/2007;null
2,872;5,576;11/29/2007;null
2,873;5,577;12/19/2007;null
2,874;5,578;4/4/2008;null
2,875;5,579;1/29/2008;null
2,876;5,580;8/5/2008;null
2,877;5,581;9/10/2008;null
2,878;5,582;7/28/2008;null
2,879;5,583;7/25/2008;null
2,880;5,584;7/28/2008;null
2,881;5,585;1/16/2013;null
2,882;5,586;8/12/2008;null
2,883;5,587;8/13/2008;null
2,884;5,588;8/25/2008;null
2,885;5,589;9/15/2008;null
2,886;5,590;9/15/2008;null
2,887;5,591;10/10/2008;null
2,888;5,592;11/20/2008;null
2,889;5,593;4/14/2009;null
2,890;5,594;3/20/2009;null
2,891;5,595;4/1/2009;null
2,892;5,596;6/5/2009;null
2,893;5,597;7/31/2009;null
2,894;5,598;7/31/2009;null
2,895;5,599;7/31/2009;null
2,896;5,600;11/18/2009;null
2,897;5,601;3/3/2010;null
2,898;5,602;2/18/2010;null
2,899;5,603;2/18/2010;null
2,900;5,604;5/12/2010;null
2,901;5,605;6/25/2010;null
2,902;5,606;6/1/2012;null
2,903;5,607;7/26/2010;null
2,904;5,608;6/1/2012;null
2,905;5,609;8/9/2010;null
2,906;5,610;9/9/2010;null
2,907;5,611;6/12/2012;null
2,908;5,612;9/9/2010;null
2,909;5,613;3/3/2011;null
2,910;5,614;5/26/2011;null
2,911;5,615;9/14/2011;null
2,912;5,616;9/21/2011;null
2,913;5,617;9/13/2013;null
2,914;5,618;11/4/2011;null
2,915;5,619;11/4/2011;null
2,916;5,620;4/26/2012;null
2,917;5,621;6/19/2012;null
2,918;5,622;6/5/2012;null
2,919;5,623;7/12/2012;null
2,920;5,624;7/12/2012;null
2,921;5,625;7/12/2012;null
2,922;5,626;8/2/2012;null
2,923;5,627;10/10/2012;null
2,924;5,628;11/29/2013;null
2,925;5,629;11/15/2012;null
2,926;5,630;11/28/2012;null
2,927;5,631;12/7/2012;null
2,928;5,632;2/12/2013;null
2,929;5,633;3/13/2013;null
2,930;5,634;2/25/2013;null
2,931;5,635;3/7/2013;null
2,932;5,636;5/7/2013;null
2,933;5,637;9/9/2013;null
2,934;5,638;10/15/2013;null
2,935;6,001;1/2/2002;null
2,936;6,002;1/2/2002;null
2,937;6,003;1/2/2002;null
2,938;6,004;10/7/2002;null
2,939;6,005;1/2/2002;null
2,940;6,007;1/2/2002;null
2,941;6,008;1/2/2002;null
2,942;6,009;10/9/2002;null
2,943;6,010;1/2/2002;null
2,944;6,011;1/2/2002;null
2,945;6,012;1/2/2002;null
2,946;6,013;1/2/2002;null
2,947;6,014;1/2/2002;null
2,948;6,015;1/2/2002;null
2,949;6,016;1/2/2002;null
2,950;6,017;1/2/2002;null
2,951;6,018;1/2/2002;null
2,952;6,019;1/2/2002;null
2,953;6,020;1/3/2002;null
2,954;6,021;1/3/2002;null
2,955;6,022;1/3/2002;null
2,956;6,023;1/2/2002;null
2,957;6,024;1/2/2002;null
2,958;6,025;1/2/2002;null
2,959;6,026;1/3/2002;null
2,960;6,027;1/3/2002;null
2,961;6,028;10/9/2002;null
2,962;6,029;10/18/2002;null
2,963;6,030;10/17/2002;null
2,964;6,031;10/31/2002;null
2,965;6,032;1/3/2002;null
2,966;6,033;1/3/2002;null
2,967;6,034;1/2/2002;null
2,968;6,035;1/3/2002;null
2,969;6,036;1/3/2002;null
2,970;6,037;1/3/2002;null
2,971;6,038;1/2/2002;null
2,972;6,040;10/29/2002;null
2,973;6,041;10/29/2002;null
2,974;6,042;10/29/2002;null
2,975;6,043;10/17/2002;null
2,976;6,044;10/9/2002;null
2,977;6,045;10/8/2002;null
2,978;6,046;10/30/2002;null
2,979;6,047;3/28/2003;null
2,980;6,048;4/2/2003;null
2,981;6,049;11/27/2003;null
2,982;6,050;11/19/2003;null
2,983;6,051;11/18/2003;null
2,984;6,052;1/26/2004;null
2,985;6,053;2/3/2004;null
2,986;6,054;9/1/2004;null
2,987;6,055;10/25/2004;null
2,988;6,056;12/9/2004;null
2,989;6,057;1/31/2005;null
2,990;6,058;5/12/2005;null
2,991;6,059;10/14/2005;null
2,992;6,060;4/10/2006;null
2,993;6,061;2/27/2006;null
2,994;6,062;7/19/2006;null
2,995;6,063;10/5/2007;null
2,996;6,064;8/28/2007;null
2,997;6,065;4/22/2009;null
2,998;6,066;12/10/2008;null
2,999;6,067;3/29/2010;null
3,000;6,068;2/10/2010;null
3,001;6,069;8/29/2011;null
3,002;6,070;2/17/2012;null
3,003;6,071;7/23/2013;null
3,004;6,072;5/19/2014;null
3,005;6,073;10/27/2014;null
3,006;6,074;4/21/2016;null
3,007;6,075;4/21/2016;null
3,008;6,076;4/21/2016;null
3,009;6,077;4/21/2016;null
3,010;6,078;6/15/2016;null
3,011;6,079;4/11/2016;null
3,012;6,080;4/21/2016;null
3,013;6,081;6/15/2016;null
3,014;6,082;6/6/2016;null
3,015;6,083;6/29/2016;null
3,016;6,084;6/30/2016;null
3,017;6,085;8/5/2016;null
3,018;6,086;9/8/2016;null
3,019;6,087;8/16/2016;null
3,020;6,088;9/6/2016;null
3,021;6,089;9/7/2016;null
3,022;6,090;9/7/2016;null
3,023;6,091;9/7/2016;null
3,024;6,092;12/8/2016;null
3,025;6,093;2/1/2017;null
3,026;6,094;2/21/2017;null
3,027;6,095;3/7/2017;null
3,028;6,096;3/7/2017;null
3,029;7,001;10/19/2006;null
3,030;7,002;11/8/2006;null
3,031;7,003;1/23/2007;null
3,032;7,004;2/26/2007;null
3,033;7,005;10/29/2008;null
3,034;7,006;8/10/2007;null
3,035;7,007;9/26/2007;null
3,036;7,008;1/30/2008;null
3,037;7,009;8/12/2008;null
3,038;7,010;10/3/2008;null
3,039;7,011;8/26/2008;null
3,040;7,012;9/18/2008;null
3,041;7,013;9/18/2008;null
3,042;7,014;1/20/2009;null
3,043;7,015;10/10/2008;null
3,044;7,016;3/3/2009;null
3,045;7,017;8/6/2009;null
3,046;7,018;12/1/2010;null
3,047;7,019;11/19/2009;null
3,048;7,020;11/3/2009;null
3,049;7,021;11/19/2009;null
3,050;7,022;2/15/2010;null
3,051;7,023;3/8/2010;null
3,052;7,024;9/9/2010;null
3,053;7,025;12/10/2010;null
3,054;7,026;2/14/2011;null
3,055;7,027;3/23/2011;null
3,056;7,028;3/24/2011;null
3,057;7,029;5/24/2011;null
3,058;7,030;6/6/2011;null
3,059;7,031;9/22/2011;null
3,060;7,032;9/21/2011;null
3,061;7,033;1/31/2012;null
3,062;7,034;2/10/2012;null
3,063;7,035;1/12/2012;null
3,064;7,036;3/5/2012;null
3,065;7,037;6/14/2012;null
3,066;7,038;7/12/2012;null
3,067;7,039;12/19/2012;null
3,068;7,041;8/20/2013;null
3,069;7,042;12/12/2013;null
3,070;7,043;12/11/2013;null
3,071;7,044;1/6/2014;null
3,072;7,602;11/21/2008;null
3,073;7,603;8/5/2009;null
3,074;7,604;8/4/2010;null
3,075;7,605;2/14/2011;null
3,076;7,606;1/2/2012;null
3,077;7,607;1/26/2012;null
3,078;7,608;5/12/2014;null
3,079;7,609;6/21/2016;null
3,080;7,610;1/25/2017;null
3,081;9,001;1/3/2002;null
3,082;9,002;1/3/2002;null
3,083;9,003;1/3/2002;null
3,084;9,004;1/3/2002;null
3,085;9,005;1/3/2002;null
3,086;9,006;1/3/2002;null
3,087;9,007;1/3/2002;null
3,088;9,008;1/3/2002;null
3,089;9,009;1/3/2002;null
3,090;9,010;1/3/2002;null
3,091;9,011;1/3/2002;null
3,092;9,012;1/3/2002;null
3,093;9,013;1/3/2002;null
3,094;9,014;1/3/2002;null
3,095;9,015;1/3/2002;null
3,096;9,016;1/3/2002;null
3,097;9,017;1/3/2002;null
3,098;9,018;1/3/2002;null
3,099;9,019;1/3/2002;null
3,100;9,020;1/3/2002;null
3,101;9,021;1/7/2002;null
3,102;9,022;1/7/2002;null
3,103;9,023;1/7/2002;null
3,104;9,024;1/7/2002;null
3,105;9,025;1/7/2002;null
3,106;9,026;1/7/2002;null
3,107;9,027;1/7/2002;null
3,108;9,028;8/20/2002;null
3,109;9,029;1/7/2002;null
3,110;9,030;1/7/2002;null
3,111;9,031;1/7/2002;null
3,112;9,033;1/7/2002;null
3,113;9,034;1/7/2002;null
3,114;9,035;8/28/2002;null
3,115;9,037;1/7/2002;null
3,116;9,038;1/7/2002;null
3,117;9,039;8/12/2002;null
3,118;9,040;1/7/2002;null
3,119;9,041;1/7/2002;null
3,120;9,042;1/7/2002;null
3,121;9,043;1/7/2002;null
3,122;9,044;1/7/2002;null
3,123;9,045;1/7/2002;null
3,124;9,046;1/7/2002;null
3,125;9,047;1/7/2002;null
3,126;9,048;8/29/2002;null
3,127;9,049;1/7/2002;null
3,128;9,050;1/7/2002;null
3,129;9,051;11/26/2002;null
3,130;9,052;7/11/2003;null
3,131;9,053;8/5/2008;null
3,132;9,054;4/26/2012;null
3,133;9,055;3/8/2017;null
3,134;9,999;3/2/2011;null
